id,title
10000,Product 10000
10001,Product 10001
10002,Product 10002
10003,Product 10003
10004,Product 10004
10005,Product 10005
10006,Product 10006
10007,Product 10007
10008,Product 10008
10009,Product 10009
10010,Product 10010
10011,Product 10011
10012,Product 10012
10013,Product 10013
10014,Product 10014
10015,Product 10015
10016,Product 10016
10017,Product 10017
10018,Product 10018
10019,Product 10019
10020,Product 10020
10021,Product 10021
10022,Product 10022
10023,Product 10023
10024,Product 10024
10025,Product 10025
10026,Product 10026
10027,Product 10027
10028,Product 10028
10029,Product 10029
10030,Product 10030
10031,Product 10031
10032,Product 10032
10033,Product 10033
10034,Product 10034
10035,Product 10035
10037,Product 10037
10039,Product 10039
10040,Product 10040
10041,Product 10041
10042,Product 10042
10043,Product 10043
10044,Product 10044
10045,Product 10045
10046,Product 10046
10047,Product 10047
10048,Product 10048
10049,Product 10049
10050,Product 10050
10051,Product 10051
10052,Product 10052
10053,Product 10053
10054,Product 10054
10056,Product 10056
10057,Product 10057
10058,Product 10058
10059,Product 10059
10060,Product 10060
10061,Product 10061
10062,Product 10062
10063,Product 10063
10064,Product 10064
10065,Product 10065
10066,Product 10066
10067,Product 10067
10068,Product 10068
10069,Product 10069
10070,Product 10070
10071,Product 10071
10072,Product 10072
10073,Product 10073
10074,Product 10074
10075,Product 10075
10076,Product 10076
10078,Product 10078
10079,Product 10079
10080,Product 10080
10081,Product 10081
10082,Product 10082
10083,Product 10083
10088,Product 10088
10089,Product 10089
10092,Product 10092
10093,Product 10093
10095,Product 10095
10096,Product 10096
10097,Product 10097
10098,Product 10098
10099,Product 10099
10101,Product 10101
10102,Product 10102
10104,Product 10104
10105,Product 10105
10106,Product 10106
10107,Product 10107
10108,Product 10108
10109,Product 10109
10110,Product 10110
10111,Product 10111
10112,Product 10112
10113,Product 10113
10114,Product 10114
10115,Product 10115
10117,Product 10117
10122,Product 10122
10125,Product 10125
10126,Product 10126
10127,Product 10127
10128,Product 10128
10129,Product 10129
10130,Product 10130
10131,Product 10131
10133,Product 10133
10134,Product 10134
10135,Product 10135
10136,Product 10136
10137,Product 10137
10138,Product 10138
10139,Product 10139
10140,Product 10140
10141,Product 10141
10142,Product 10142
10143,Product 10143
10144,Product 10144
10145,Product 10145
10146,Product 10146
10147,Product 10147
10148,Product 10148
10149,Product 10149
10150,Product 10150
10151,Product 10151
10152,Product 10152
10153,Product 10153
10154,Product 10154
10155,Product 10155
10156,Product 10156
10157,Product 10157
10158,Product 10158
10159,Product 10159
10160,Product 10160
10161,Product 10161
10162,Product 10162
10164,Product 10164
10166,Product 10166
10167,Product 10167
10168,Product 10168
10169,Product 10169
10170,Product 10170
10171,Product 10171
10172,Product 10172
10173,Product 10173
10174,Product 10174
10175,Product 10175
10176,Product 10176
10177,Product 10177
10178,Product 10178
10179,Product 10179
10180,Product 10180
10181,Product 10181
10182,Product 10182
10183,Product 10183
10184,Product 10184
10185,Product 10185
10186,Product 10186
10187,Product 10187
10188,Product 10188
10189,Product 10189
10190,Product 10190
10192,Product 10192
10193,Product 10193
10194,Product 10194
10195,Product 10195
10196,Product 10196
10197,Product 10197
10198,Product 10198
10199,Product 10199
10200,Product 10200
10202,Product 10202
10203,Product 10203
10204,Product 10204
10205,Product 10205
10207,Product 10207
10208,Product 10208
10209,Product 10209
10210,Product 10210
10211,Product 10211
10213,Product 10213
10214,Product 10214
10215,Product 10215
10216,Product 10216
10217,Product 10217
10219,Product 10219
10220,Product 10220
10221,Product 10221
10222,Product 10222
10223,Product 10223
10224,Product 10224
10225,Product 10225
10226,Product 10226
10227,Product 10227
10228,Product 10228
10229,Product 10229
10230,Product 10230
10231,Product 10231
10235,Product 10235
10236,Product 10236
10237,Product 10237
10238,Product 10238
10239,Product 10239
10240,Product 10240
10241,Product 10241
10242,Product 10242
10243,Product 10243
10244,Product 10244
10245,Product 10245
10246,Product 10246
10247,Product 10247
10248,Product 10248
10249,Product 10249
10250,Product 10250
10252,Product 10252
10253,Product 10253
10254,Product 10254
10255,Product 10255
10256,Product 10256
10257,Product 10257
10258,Product 10258
10259,Product 10259
10260,Product 10260
10261,Product 10261
10262,Product 10262
10263,Product 10263
10264,Product 10264
10265,Product 10265
10266,Product 10266
10267,Product 10267
10268,Product 10268
10269,Product 10269
10270,Product 10270
10271,Product 10271
10272,Product 10272
10273,Product 10273
10274,Product 10274
10275,Product 10275
10276,Product 10276
10277,Product 10277
10278,Product 10278
10279,Product 10279
10280,Product 10280
10281,Product 10281
10282,Product 10282
10283,Product 10283
10284,Product 10284
10285,Product 10285
10286,Product 10286
10287,Product 10287
10288,Product 10288
10289,Product 10289
10290,Product 10290
10292,Product 10292
10293,Product 10293
10294,Product 10294
10295,Product 10295
10296,Product 10296
10297,Product 10297
10298,Product 10298
10299,Product 10299
10300,Product 10300
10301,Product 10301
10302,Product 10302
10303,Product 10303
10304,Product 10304
10305,Product 10305
10306,Product 10306
10307,Product 10307
10308,Product 10308
10309,Product 10309
10312,Product 10312
10313,Product 10313
10314,Product 10314
10315,Product 10315
10316,Product 10316
10317,Product 10317
10318,Product 10318
10319,Product 10319
10320,Product 10320
10321,Product 10321
10322,Product 10322
10323,Product 10323
10324,Product 10324
10325,Product 10325
10326,Product 10326
10327,Product 10327
10328,Product 10328
10329,Product 10329
10330,Product 10330
10331,Product 10331
10332,Product 10332
10333,Product 10333
10334,Product 10334
10335,Product 10335
10336,Product 10336
10338,Product 10338
10339,Product 10339
10340,Product 10340
10341,Product 10341
10342,Product 10342
10343,Product 10343
10344,Product 10344
10345,Product 10345
10346,Product 10346
10347,Product 10347
10348,Product 10348
10350,Product 10350
10351,Product 10351
10352,Product 10352
10354,Product 10354
10355,Product 10355
10356,Product 10356
10357,Product 10357
10358,Product 10358
10359,Product 10359
10360,Product 10360
10361,Product 10361
10362,Product 10362
10363,Product 10363
10364,Product 10364
10365,Product 10365
10366,Product 10366
10367,Product 10367
10369,Product 10369
10370,Product 10370
10371,Product 10371
10372,Product 10372
10373,Product 10373
10374,Product 10374
10376,Product 10376
10377,Product 10377
10378,Product 10378
10379,Product 10379
10380,Product 10380
10381,Product 10381
10382,Product 10382
10383,Product 10383
10384,Product 10384
10385,Product 10385
10386,Product 10386
10387,Product 10387
10388,Product 10388
10389,Product 10389
10390,Product 10390
10391,Product 10391
10392,Product 10392
10393,Product 10393
10394,Product 10394
10395,Product 10395
10396,Product 10396
10397,Product 10397
10398,Product 10398
10399,Product 10399
10400,Product 10400
10401,Product 10401
10402,Product 10402
10403,Product 10403
10404,Product 10404
10405,Product 10405
10406,Product 10406
10407,Product 10407
10408,Product 10408
10409,Product 10409
10410,Product 10410
10411,Product 10411
10412,Product 10412
10413,Product 10413
10414,Product 10414
10415,Product 10415
10418,Product 10418
10421,Product 10421
10423,Product 10423
10424,Product 10424
10425,Product 10425
10426,Product 10426
10427,Product 10427
10428,Product 10428
10429,Product 10429
10430,Product 10430
10431,Product 10431
10432,Product 10432
10433,Product 10433
10434,Product 10434
10435,Product 10435
10436,Product 10436
10437,Product 10437
10438,Product 10438
10439,Product 10439
10440,Product 10440
10441,Product 10441
10442,Product 10442
10443,Product 10443
10444,Product 10444
10445,Product 10445
10446,Product 10446
10447,Product 10447
10448,Product 10448
10449,Product 10449
10450,Product 10450
10451,Product 10451
10452,Product 10452
10453,Product 10453
10454,Product 10454
10455,Product 10455
10456,Product 10456
10457,Product 10457
10458,Product 10458
10459,Product 10459
10460,Product 10460
10461,Product 10461
10462,Product 10462
10463,Product 10463
10464,Product 10464
10465,Product 10465
10466,Product 10466
10467,Product 10467
10468,Product 10468
10469,Product 10469
10470,Product 10470
10471,Product 10471
10472,Product 10472
10473,Product 10473
10474,Product 10474
10475,Product 10475
10476,Product 10476
10477,Product 10477
10478,Product 10478
10479,Product 10479
10480,Product 10480
10481,Product 10481
10482,Product 10482
10483,Product 10483
10484,Product 10484
10485,Product 10485
10486,Product 10486
10487,Product 10487
10488,Product 10488
10489,Product 10489
10490,Product 10490
10491,Product 10491
10492,Product 10492
10493,Product 10493
10494,Product 10494
10495,Product 10495
10496,Product 10496
10497,Product 10497
10498,Product 10498
10499,Product 10499
10500,Product 10500
10501,Product 10501
10502,Product 10502
10503,Product 10503
10504,Product 10504
10505,Product 10505
10506,Product 10506
10507,Product 10507
10508,Product 10508
10509,Product 10509
10510,Product 10510
10511,Product 10511
10512,Product 10512
10513,Product 10513
10514,Product 10514
10517,Product 10517
10533,Product 10533
10563,Product 10563
10564,Product 10564
10565,Product 10565
10566,Product 10566
10567,Product 10567
10568,Product 10568
10569,Product 10569
10570,Product 10570
10571,Product 10571
10572,Product 10572
10573,Product 10573
10574,Product 10574
10575,Product 10575
10576,Product 10576
10577,Product 10577
10578,Product 10578
10579,Product 10579
10580,Product 10580
10581,Product 10581
10582,Product 10582
10583,Product 10583
10584,Product 10584
10585,Product 10585
10587,Product 10587
10588,Product 10588
10593,Product 10593
10594,Product 10594
10595,Product 10595
10596,Product 10596
10597,Product 10597
10598,Product 10598
10599,Product 10599
10601,Product 10601
10602,Product 10602
10603,Product 10603
10604,Product 10604
10605,Product 10605
10606,Product 10606
10607,Product 10607
10608,Product 10608
10609,Product 10609
10610,Product 10610
10611,Product 10611
10612,Product 10612
10613,Product 10613
10615,Product 10615
10616,Product 10616
10618,Product 10618
10619,Product 10619
10620,Product 10620
10621,Product 10621
10622,Product 10622
10623,Product 10623
10624,Product 10624
10626,Product 10626
10627,Product 10627
10628,Product 10628
10629,Product 10629
10630,Product 10630
10631,Product 10631
10632,Product 10632
10633,Product 10633
10634,Product 10634
10635,Product 10635
10636,Product 10636
10637,Product 10637
10638,Product 10638
10639,Product 10639
10640,Product 10640
10641,Product 10641
10642,Product 10642
10643,Product 10643
10644,Product 10644
10645,Product 10645
10646,Product 10646
10647,Product 10647
10649,Product 10649
10650,Product 10650
10652,Product 10652
10654,Product 10654
10655,Product 10655
10656,Product 10656
10658,Product 10658
10660,Product 10660
10661,Product 10661
10662,Product 10662
10664,Product 10664
10665,Product 10665
10669,Product 10669
10670,Product 10670
10671,Product 10671
10672,Product 10672
10673,Product 10673
10674,Product 10674
10675,Product 10675
10676,Product 10676
10677,Product 10677
10678,Product 10678
10680,Product 10680
10681,Product 10681
10682,Product 10682
10683,Product 10683
10684,Product 10684
10685,Product 10685
10689,Product 10689
10690,Product 10690
10691,Product 10691
10692,Product 10692
10693,Product 10693
10694,Product 10694
10698,Product 10698
10699,Product 10699
10700,Product 10700
10701,Product 10701
10702,Product 10702
10704,Product 10704
10705,Product 10705
10706,Product 10706
10707,Product 10707
10708,Product 10708
10709,Product 10709
10710,Product 10710
10711,Product 10711
10712,Product 10712
10713,Product 10713
10714,Product 10714
10715,Product 10715
10716,Product 10716
10717,Product 10717
10718,Product 10718
10719,Product 10719
10720,Product 10720
10721,Product 10721
10722,Product 10722
10723,Product 10723
10724,Product 10724
10725,Product 10725
10726,Product 10726
10727,Product 10727
10728,Product 10728
10729,Product 10729
10730,Product 10730
10731,Product 10731
10732,Product 10732
10733,Product 10733
10734,Product 10734
10735,Product 10735
10736,Product 10736
10737,Product 10737
10738,Product 10738
10739,Product 10739
10740,Product 10740
10741,Product 10741
10742,Product 10742
10743,Product 10743
10744,Product 10744
10746,Product 10746
10747,Product 10747
10748,Product 10748
10749,Product 10749
10750,Product 10750
10751,Product 10751
10752,Product 10752
10753,Product 10753
10754,Product 10754
10755,Product 10755
10756,Product 10756
10757,Product 10757
10758,Product 10758
10759,Product 10759
10760,Product 10760
10761,Product 10761
10762,Product 10762
10763,Product 10763
10764,Product 10764
10765,Product 10765
10766,Product 10766
10767,Product 10767
10768,Product 10768
10769,Product 10769
10770,Product 10770
10771,Product 10771
10772,Product 10772
10773,Product 10773
10774,Product 10774
10775,Product 10775
10776,Product 10776
10777,Product 10777
10778,Product 10778
10783,Product 10783
10784,Product 10784
10785,Product 10785
10786,Product 10786
10787,Product 10787
10788,Product 10788
10789,Product 10789
10790,Product 10790
10791,Product 10791
10792,Product 10792
10793,Product 10793
10794,Product 10794
10795,Product 10795
10796,Product 10796
10797,Product 10797
10799,Product 10799
10800,Product 10800
10801,Product 10801
10802,Product 10802
10803,Product 10803
10804,Product 10804
10805,Product 10805
10806,Product 10806
10807,Product 10807
10809,Product 10809
10810,Product 10810
10811,Product 10811
10812,Product 10812
10813,Product 10813
10814,Product 10814
10815,Product 10815
10816,Product 10816
10817,Product 10817
10818,Product 10818
10819,Product 10819
10820,Product 10820
10821,Product 10821
10822,Product 10822
10823,Product 10823
10824,Product 10824
10825,Product 10825
10826,Product 10826
10827,Product 10827
10828,Product 10828
10829,Product 10829
10830,Product 10830
10831,Product 10831
10832,Product 10832
10833,Product 10833
10834,Product 10834
10835,Product 10835
10836,Product 10836
10837,Product 10837
10839,Product 10839
10840,Product 10840
10842,Product 10842
10843,Product 10843
10844,Product 10844
10845,Product 10845
10846,Product 10846
10848,Product 10848
10849,Product 10849
10850,Product 10850
10851,Product 10851
10852,Product 10852
10853,Product 10853
10854,Product 10854
10855,Product 10855
10856,Product 10856
10857,Product 10857
10858,Product 10858
10859,Product 10859
10861,Product 10861
10862,Product 10862
10863,Product 10863
10864,Product 10864
10865,Product 10865
10866,Product 10866
10867,Product 10867
10869,Product 10869
10870,Product 10870
10871,Product 10871
10872,Product 10872
10873,Product 10873
10874,Product 10874
10875,Product 10875
10876,Product 10876
10877,Product 10877
10878,Product 10878
10879,Product 10879
10880,Product 10880
10882,Product 10882
10883,Product 10883
10884,Product 10884
10885,Product 10885
10886,Product 10886
10987,Product 10987
10988,Product 10988
10989,Product 10989
10990,Product 10990
10991,Product 10991
10992,Product 10992
10993,Product 10993
10994,Product 10994
10995,Product 10995
10996,Product 10996
10997,Product 10997
10998,Product 10998
10999,Product 10999
11000,Product 11000
11001,Product 11001
11002,Product 11002
11003,Product 11003
11004,Product 11004
11005,Product 11005
11006,Product 11006
11007,Product 11007
11008,Product 11008
11009,Product 11009
11010,Product 11010
11011,Product 11011
11012,Product 11012
11013,Product 11013
11014,Product 11014
11015,Product 11015
11016,Product 11016
11017,Product 11017
11018,Product 11018
11019,Product 11019
11020,Product 11020
11021,Product 11021
11022,Product 11022
11023,Product 11023
11024,Product 11024
11025,Product 11025
11026,Product 11026
11027,Product 11027
11028,Product 11028
11029,Product 11029
11030,Product 11030
11031,Product 11031
11032,Product 11032
11033,Product 11033
11034,Product 11034
11035,Product 11035
11036,Product 11036
11037,Product 11037
11038,Product 11038
11039,Product 11039
11040,Product 11040
11041,Product 11041
11042,Product 11042
11043,Product 11043
11044,Product 11044
11045,Product 11045
11046,Product 11046
11047,Product 11047
11048,Product 11048
11049,Product 11049
11050,Product 11050
11051,Product 11051
11052,Product 11052
11053,Product 11053
11054,Product 11054
11055,Product 11055
11056,Product 11056
11057,Product 11057
11058,Product 11058
11059,Product 11059
11062,Product 11062
11063,Product 11063
11064,Product 11064
11067,Product 11067
11069,Product 11069
11070,Product 11070
11071,Product 11071
11072,Product 11072
11073,Product 11073
11074,Product 11074
11075,Product 11075
11076,Product 11076
11077,Product 11077
11078,Product 11078
11079,Product 11079
11080,Product 11080
11081,Product 11081
11082,Product 11082
11083,Product 11083
11084,Product 11084
11085,Product 11085
11086,Product 11086
11087,Product 11087
11088,Product 11088
11089,Product 11089
11090,Product 11090
11091,Product 11091
11092,Product 11092
11093,Product 11093
11094,Product 11094
11095,Product 11095
11096,Product 11096
11097,Product 11097
11098,Product 11098
11099,Product 11099
11100,Product 11100
11101,Product 11101
11102,Product 11102
11103,Product 11103
11104,Product 11104
11105,Product 11105
11106,Product 11106
11107,Product 11107
11108,Product 11108
11109,Product 11109
11110,Product 11110
11111,Product 11111
11112,Product 11112
11113,Product 11113
11114,Product 11114
11115,Product 11115
11116,Product 11116
11117,Product 11117
11118,Product 11118
11119,Product 11119
11121,Product 11121
11123,Product 11123
11124,Product 11124
11125,Product 11125
11126,Product 11126
11128,Product 11128
11129,Product 11129
11130,Product 11130
11131,Product 11131
11132,Product 11132
11133,Product 11133
11134,Product 11134
11135,Product 11135
11136,Product 11136
11138,Product 11138
11139,Product 11139
11140,Product 11140
11141,Product 11141
11142,Product 11142
11143,Product 11143
11144,Product 11144
11145,Product 11145
11146,Product 11146
11147,Product 11147
11148,Product 11148
11150,Product 11150
11151,Product 11151
11152,Product 11152
11153,Product 11153
11154,Product 11154
11155,Product 11155
11156,Product 11156
11157,Product 11157
11158,Product 11158
11159,Product 11159
11160,Product 11160
11161,Product 11161
11162,Product 11162
11163,Product 11163
11164,Product 11164
11165,Product 11165
11166,Product 11166
11167,Product 11167
11168,Product 11168
11169,Product 11169
11170,Product 11170
11171,Product 11171
11172,Product 11172
11173,Product 11173
11174,Product 11174
11175,Product 11175
11176,Product 11176
11178,Product 11178
11179,Product 11179
11180,Product 11180
11188,Product 11188
11191,Product 11191
11192,Product 11192
11193,Product 11193
11196,Product 11196
11198,Product 11198
11199,Product 11199
11200,Product 11200
11202,Product 11202
11203,Product 11203
11204,Product 11204
11205,Product 11205
11207,Product 11207
11208,Product 11208
11209,Product 11209
11210,Product 11210
11211,Product 11211
11212,Product 11212
11213,Product 11213
11214,Product 11214
11215,Product 11215
11216,Product 11216
11217,Product 11217
11218,Product 11218
11220,Product 11220
11221,Product 11221
11222,Product 11222
11223,Product 11223
11225,Product 11225
11226,Product 11226
11228,Product 11228
11229,Product 11229
11230,Product 11230
11231,Product 11231
11233,Product 11233
11234,Product 11234
11235,Product 11235
11236,Product 11236
11237,Product 11237
11239,Product 11239
11240,Product 11240
11241,Product 11241
11242,Product 11242
11243,Product 11243
11244,Product 11244
11245,Product 11245
11246,Product 11246
11247,Product 11247
11248,Product 11248
11250,Product 11250
11253,Product 11253
11254,Product 11254
11255,Product 11255
11256,Product 11256
11257,Product 11257
11258,Product 11258
11259,Product 11259
11260,Product 11260
11261,Product 11261
11262,Product 11262
11263,Product 11263
11264,Product 11264
11265,Product 11265
11266,Product 11266
11267,Product 11267
11268,Product 11268
11269,Product 11269
11270,Product 11270
11272,Product 11272
11273,Product 11273
11274,Product 11274
11275,Product 11275
11276,Product 11276
11277,Product 11277
11278,Product 11278
11279,Product 11279
11280,Product 11280
11281,Product 11281
11282,Product 11282
11283,Product 11283
11284,Product 11284
11285,Product 11285
11286,Product 11286
11287,Product 11287
11288,Product 11288
11289,Product 11289
11290,Product 11290
11291,Product 11291
11292,Product 11292
11293,Product 11293
11294,Product 11294
11295,Product 11295
11296,Product 11296
11297,Product 11297
11298,Product 11298
11301,Product 11301
11302,Product 11302
11303,Product 11303
11304,Product 11304
11305,Product 11305
11306,Product 11306
11307,Product 11307
11308,Product 11308
11309,Product 11309
11310,Product 11310
11311,Product 11311
11312,Product 11312
11315,Product 11315
11316,Product 11316
11317,Product 11317
11318,Product 11318
11319,Product 11319
11320,Product 11320
11323,Product 11323
11324,Product 11324
11327,Product 11327
11328,Product 11328
11329,Product 11329
11330,Product 11330
11331,Product 11331
11332,Product 11332
11334,Product 11334
11335,Product 11335
11336,Product 11336
11338,Product 11338
11339,Product 11339
11340,Product 11340
11341,Product 11341
11342,Product 11342
11343,Product 11343
11344,Product 11344
11345,Product 11345
11346,Product 11346
11347,Product 11347
11348,Product 11348
11349,Product 11349
11350,Product 11350
11351,Product 11351
11353,Product 11353
11354,Product 11354
11355,Product 11355
11356,Product 11356
11357,Product 11357
11358,Product 11358
11359,Product 11359
11360,Product 11360
11361,Product 11361
11362,Product 11362
11363,Product 11363
11364,Product 11364
11365,Product 11365
11366,Product 11366
11367,Product 11367
11368,Product 11368
11369,Product 11369
11370,Product 11370
11371,Product 11371
11372,Product 11372
11373,Product 11373
11374,Product 11374
11375,Product 11375
11376,Product 11376
11377,Product 11377
11378,Product 11378
11379,Product 11379
11380,Product 11380
11381,Product 11381
11382,Product 11382
11383,Product 11383
11384,Product 11384
11385,Product 11385
11386,Product 11386
11387,Product 11387
11388,Product 11388
11389,Product 11389
11391,Product 11391
11393,Product 11393
11395,Product 11395
11396,Product 11396
11397,Product 11397
11398,Product 11398
11399,Product 11399
11401,Product 11401
11402,Product 11402
11403,Product 11403
11404,Product 11404
11405,Product 11405
11406,Product 11406
11407,Product 11407
11408,Product 11408
11409,Product 11409
11410,Product 11410
11411,Product 11411
11413,Product 11413
11414,Product 11414
11415,Product 11415
11416,Product 11416
11417,Product 11417
11418,Product 11418
11420,Product 11420
11421,Product 11421
11422,Product 11422
11423,Product 11423
11424,Product 11424
11425,Product 11425
11426,Product 11426
11427,Product 11427
11428,Product 11428
11429,Product 11429
11430,Product 11430
11431,Product 11431
11432,Product 11432
11433,Product 11433
11434,Product 11434
11435,Product 11435
11436,Product 11436
11437,Product 11437
11438,Product 11438
11439,Product 11439
11440,Product 11440
11441,Product 11441
11442,Product 11442
11443,Product 11443
11444,Product 11444
11445,Product 11445
11446,Product 11446
11447,Product 11447
11448,Product 11448
11449,Product 11449
11450,Product 11450
11451,Product 11451
11454,Product 11454
11455,Product 11455
11456,Product 11456
11457,Product 11457
11459,Product 11459
11461,Product 11461
11462,Product 11462
11463,Product 11463
11464,Product 11464
11465,Product 11465
11466,Product 11466
11467,Product 11467
11468,Product 11468
11469,Product 11469
11471,Product 11471
11472,Product 11472
11473,Product 11473
11475,Product 11475
11478,Product 11478
11479,Product 11479
11480,Product 11480
11481,Product 11481
11482,Product 11482
11483,Product 11483
11484,Product 11484
11485,Product 11485
11486,Product 11486
11487,Product 11487
11488,Product 11488
11489,Product 11489
11490,Product 11490
11491,Product 11491
11492,Product 11492
11493,Product 11493
11495,Product 11495
11496,Product 11496
11497,Product 11497
11498,Product 11498
11499,Product 11499
11500,Product 11500
11502,Product 11502
11503,Product 11503
11504,Product 11504
11505,Product 11505
11506,Product 11506
11507,Product 11507
11508,Product 11508
11509,Product 11509
11510,Product 11510
11511,Product 11511
11512,Product 11512
11513,Product 11513
11514,Product 11514
11515,Product 11515
11516,Product 11516
11517,Product 11517
11518,Product 11518
11519,Product 11519
11520,Product 11520
11521,Product 11521
11522,Product 11522
11523,Product 11523
11524,Product 11524
11525,Product 11525
11526,Product 11526
11527,Product 11527
11529,Product 11529
11530,Product 11530
11531,Product 11531
11532,Product 11532
11533,Product 11533
11534,Product 11534
11535,Product 11535
11536,Product 11536
11537,Product 11537
11538,Product 11538
11539,Product 11539
11540,Product 11540
11541,Product 11541
11542,Product 11542
11543,Product 11543
11544,Product 11544
11545,Product 11545
11546,Product 11546
11547,Product 11547
11548,Product 11548
11549,Product 11549
11550,Product 11550
11551,Product 11551
11552,Product 11552
11553,Product 11553
11554,Product 11554
11555,Product 11555
11556,Product 11556
11557,Product 11557
11558,Product 11558
11559,Product 11559
11560,Product 11560
11561,Product 11561
11562,Product 11562
11563,Product 11563
11564,Product 11564
11565,Product 11565
11566,Product 11566
11567,Product 11567
11568,Product 11568
11569,Product 11569
11570,Product 11570
11571,Product 11571
11572,Product 11572
11573,Product 11573
11574,Product 11574
11575,Product 11575
11576,Product 11576
11577,Product 11577
11578,Product 11578
11579,Product 11579
11580,Product 11580
11581,Product 11581
11582,Product 11582
11583,Product 11583
11584,Product 11584
11585,Product 11585
11586,Product 11586
11587,Product 11587
11588,Product 11588
11589,Product 11589
11590,Product 11590
11591,Product 11591
11592,Product 11592
11593,Product 11593
11594,Product 11594
11595,Product 11595
11596,Product 11596
11597,Product 11597
11598,Product 11598
11599,Product 11599
11600,Product 11600
11601,Product 11601
11602,Product 11602
11603,Product 11603
11604,Product 11604
11605,Product 11605
11606,Product 11606
11607,Product 11607
11608,Product 11608
11609,Product 11609
11610,Product 11610
11611,Product 11611
11612,Product 11612
11613,Product 11613
11614,Product 11614
11615,Product 11615
11616,Product 11616
11617,Product 11617
11618,Product 11618
11619,Product 11619
11620,Product 11620
11621,Product 11621
11622,Product 11622
11623,Product 11623
11624,Product 11624
11625,Product 11625
11626,Product 11626
11627,Product 11627
11628,Product 11628
11629,Product 11629
1163,Product 1163
11630,Product 11630
11632,Product 11632
11634,Product 11634
11635,Product 11635
11636,Product 11636
11637,Product 11637
11638,Product 11638
11639,Product 11639
1164,Product 1164
11640,Product 11640
11641,Product 11641
11642,Product 11642
11643,Product 11643
11644,Product 11644
11645,Product 11645
11646,Product 11646
11647,Product 11647
11648,Product 11648
11649,Product 11649
1165,Product 1165
11650,Product 11650
11651,Product 11651
11652,Product 11652
11653,Product 11653
11654,Product 11654
11656,Product 11656
11657,Product 11657
11658,Product 11658
11659,Product 11659
11662,Product 11662
11664,Product 11664
11665,Product 11665
11668,Product 11668
11671,Product 11671
11672,Product 11672
11673,Product 11673
11674,Product 11674
11675,Product 11675
11676,Product 11676
11677,Product 11677
11678,Product 11678
11679,Product 11679
11680,Product 11680
11681,Product 11681
11682,Product 11682
11683,Product 11683
11684,Product 11684
11685,Product 11685
11686,Product 11686
11689,Product 11689
11690,Product 11690
11691,Product 11691
11692,Product 11692
11693,Product 11693
11694,Product 11694
11695,Product 11695
11696,Product 11696
11697,Product 11697
11698,Product 11698
11699,Product 11699
11700,Product 11700
11701,Product 11701
11702,Product 11702
11703,Product 11703
11704,Product 11704
11705,Product 11705
11706,Product 11706
11707,Product 11707
11708,Product 11708
11710,Product 11710
11711,Product 11711
11712,Product 11712
11713,Product 11713
11714,Product 11714
11716,Product 11716
11717,Product 11717
11719,Product 11719
11721,Product 11721
11722,Product 11722
11724,Product 11724
11725,Product 11725
11726,Product 11726
11727,Product 11727
11728,Product 11728
11730,Product 11730
11731,Product 11731
11732,Product 11732
11733,Product 11733
11734,Product 11734
11735,Product 11735
11736,Product 11736
11737,Product 11737
11738,Product 11738
11739,Product 11739
11740,Product 11740
11741,Product 11741
11742,Product 11742
11743,Product 11743
11744,Product 11744
11745,Product 11745
11746,Product 11746
11750,Product 11750
11753,Product 11753
11754,Product 11754
11755,Product 11755
11756,Product 11756
11757,Product 11757
11758,Product 11758
11759,Product 11759
11761,Product 11761
11762,Product 11762
11764,Product 11764
11765,Product 11765
11766,Product 11766
11767,Product 11767
11768,Product 11768
11769,Product 11769
11770,Product 11770
11771,Product 11771
11772,Product 11772
11773,Product 11773
11774,Product 11774
11775,Product 11775
11776,Product 11776
11777,Product 11777
11778,Product 11778
11780,Product 11780
11781,Product 11781
11783,Product 11783
11784,Product 11784
11785,Product 11785
11786,Product 11786
11788,Product 11788
11789,Product 11789
11790,Product 11790
11791,Product 11791
11793,Product 11793
11794,Product 11794
11796,Product 11796
11799,Product 11799
11800,Product 11800
11801,Product 11801
11802,Product 11802
11803,Product 11803
11804,Product 11804
11805,Product 11805
11806,Product 11806
11807,Product 11807
11808,Product 11808
11809,Product 11809
11810,Product 11810
11811,Product 11811
11813,Product 11813
11814,Product 11814
11815,Product 11815
11816,Product 11816
11817,Product 11817
11818,Product 11818
11819,Product 11819
11820,Product 11820
11821,Product 11821
11822,Product 11822
11823,Product 11823
11824,Product 11824
11825,Product 11825
11826,Product 11826
11827,Product 11827
11828,Product 11828
11829,Product 11829
11830,Product 11830
11831,Product 11831
11832,Product 11832
11833,Product 11833
11834,Product 11834
11835,Product 11835
11836,Product 11836
11837,Product 11837
11838,Product 11838
11839,Product 11839
11840,Product 11840
11841,Product 11841
11842,Product 11842
11843,Product 11843
11844,Product 11844
11845,Product 11845
11846,Product 11846
11847,Product 11847
11848,Product 11848
11849,Product 11849
11850,Product 11850
11851,Product 11851
11852,Product 11852
11853,Product 11853
11854,Product 11854
11855,Product 11855
11856,Product 11856
11857,Product 11857
11858,Product 11858
11859,Product 11859
11860,Product 11860
11861,Product 11861
11862,Product 11862
11863,Product 11863
11864,Product 11864
11865,Product 11865
11866,Product 11866
11867,Product 11867
11868,Product 11868
11869,Product 11869
11870,Product 11870
11871,Product 11871
11872,Product 11872
11873,Product 11873
11874,Product 11874
11875,Product 11875
11876,Product 11876
11877,Product 11877
11878,Product 11878
11879,Product 11879
11880,Product 11880
11881,Product 11881
11882,Product 11882
11883,Product 11883
11884,Product 11884
11885,Product 11885
11886,Product 11886
11887,Product 11887
11888,Product 11888
11889,Product 11889
11890,Product 11890
11891,Product 11891
11892,Product 11892
11893,Product 11893
11894,Product 11894
11895,Product 11895
11896,Product 11896
11897,Product 11897
11898,Product 11898
11899,Product 11899
11900,Product 11900
11901,Product 11901
11902,Product 11902
11903,Product 11903
11904,Product 11904
11905,Product 11905
11906,Product 11906
11907,Product 11907
11908,Product 11908
11909,Product 11909
11910,Product 11910
11911,Product 11911
11912,Product 11912
11913,Product 11913
11914,Product 11914
11915,Product 11915
11916,Product 11916
11917,Product 11917
11918,Product 11918
11919,Product 11919
11920,Product 11920
11921,Product 11921
11922,Product 11922
11923,Product 11923
11924,Product 11924
11925,Product 11925
11926,Product 11926
11927,Product 11927
11928,Product 11928
11929,Product 11929
11930,Product 11930
11931,Product 11931
11932,Product 11932
11933,Product 11933
11934,Product 11934
11935,Product 11935
11936,Product 11936
11937,Product 11937
11938,Product 11938
11939,Product 11939
11940,Product 11940
11941,Product 11941
11942,Product 11942
11943,Product 11943
11944,Product 11944
11945,Product 11945
11946,Product 11946
11947,Product 11947
11948,Product 11948
11949,Product 11949
11950,Product 11950
11951,Product 11951
11953,Product 11953
11954,Product 11954
11955,Product 11955
11956,Product 11956
11957,Product 11957
11958,Product 11958
11959,Product 11959
11960,Product 11960
11961,Product 11961
11962,Product 11962
11963,Product 11963
11964,Product 11964
11965,Product 11965
11966,Product 11966
11967,Product 11967
11968,Product 11968
11970,Product 11970
11971,Product 11971
11972,Product 11972
11973,Product 11973
11974,Product 11974
11976,Product 11976
11977,Product 11977
11978,Product 11978
11979,Product 11979
11980,Product 11980
11981,Product 11981
11983,Product 11983
11985,Product 11985
11986,Product 11986
11989,Product 11989
11990,Product 11990
11991,Product 11991
11992,Product 11992
11993,Product 11993
11994,Product 11994
11995,Product 11995
11996,Product 11996
11997,Product 11997
11998,Product 11998
11999,Product 11999
12000,Product 12000
12001,Product 12001
12003,Product 12003
12004,Product 12004
12005,Product 12005
12006,Product 12006
12007,Product 12007
12008,Product 12008
12009,Product 12009
12010,Product 12010
12011,Product 12011
12012,Product 12012
12013,Product 12013
12014,Product 12014
12015,Product 12015
12016,Product 12016
12017,Product 12017
12018,Product 12018
12019,Product 12019
12022,Product 12022
12023,Product 12023
12024,Product 12024
12025,Product 12025
12026,Product 12026
12028,Product 12028
12029,Product 12029
12030,Product 12030
12031,Product 12031
12032,Product 12032
12033,Product 12033
12034,Product 12034
12035,Product 12035
12036,Product 12036
12037,Product 12037
12038,Product 12038
12039,Product 12039
12040,Product 12040
12041,Product 12041
12042,Product 12042
12043,Product 12043
12044,Product 12044
12045,Product 12045
12046,Product 12046
12047,Product 12047
12049,Product 12049
12052,Product 12052
12053,Product 12053
12054,Product 12054
12055,Product 12055
12056,Product 12056
12057,Product 12057
12058,Product 12058
12059,Product 12059
12060,Product 12060
12061,Product 12061
12062,Product 12062
12063,Product 12063
12064,Product 12064
12065,Product 12065
12066,Product 12066
12067,Product 12067
12068,Product 12068
12069,Product 12069
12070,Product 12070
12071,Product 12071
12072,Product 12072
12073,Product 12073
12074,Product 12074
12075,Product 12075
12076,Product 12076
12077,Product 12077
12078,Product 12078
12079,Product 12079
12080,Product 12080
12081,Product 12081
12082,Product 12082
12083,Product 12083
12084,Product 12084
12085,Product 12085
12086,Product 12086
12087,Product 12087
12088,Product 12088
12089,Product 12089
12090,Product 12090
12091,Product 12091
12092,Product 12092
12093,Product 12093
12094,Product 12094
12095,Product 12095
12096,Product 12096
12097,Product 12097
12098,Product 12098
12099,Product 12099
12100,Product 12100
12101,Product 12101
12102,Product 12102
12103,Product 12103
12104,Product 12104
12105,Product 12105
12106,Product 12106
12107,Product 12107
12108,Product 12108
12109,Product 12109
12110,Product 12110
12111,Product 12111
12112,Product 12112
12113,Product 12113
12114,Product 12114
12115,Product 12115
12116,Product 12116
12117,Product 12117
12118,Product 12118
12119,Product 12119
12120,Product 12120
12121,Product 12121
12122,Product 12122
12123,Product 12123
12124,Product 12124
12125,Product 12125
12126,Product 12126
12127,Product 12127
12128,Product 12128
12129,Product 12129
12130,Product 12130
12131,Product 12131
12132,Product 12132
12133,Product 12133
12134,Product 12134
12135,Product 12135
12136,Product 12136
12137,Product 12137
12138,Product 12138
12139,Product 12139
12140,Product 12140
12141,Product 12141
12142,Product 12142
12143,Product 12143
12144,Product 12144
12145,Product 12145
12146,Product 12146
12147,Product 12147
12148,Product 12148
12149,Product 12149
12150,Product 12150
12151,Product 12151
12152,Product 12152
12153,Product 12153
12154,Product 12154
12155,Product 12155
12156,Product 12156
12157,Product 12157
12158,Product 12158
12159,Product 12159
12160,Product 12160
12161,Product 12161
12162,Product 12162
12163,Product 12163
12164,Product 12164
12165,Product 12165
12166,Product 12166
12167,Product 12167
12168,Product 12168
12169,Product 12169
12170,Product 12170
12171,Product 12171
12172,Product 12172
12173,Product 12173
12174,Product 12174
12175,Product 12175
12176,Product 12176
12177,Product 12177
12178,Product 12178
12179,Product 12179
12180,Product 12180
12181,Product 12181
12182,Product 12182
12183,Product 12183
12184,Product 12184
12185,Product 12185
12186,Product 12186
12187,Product 12187
12188,Product 12188
12189,Product 12189
12190,Product 12190
12191,Product 12191
12193,Product 12193
12194,Product 12194
12195,Product 12195
12196,Product 12196
12197,Product 12197
12198,Product 12198
12199,Product 12199
12200,Product 12200
12202,Product 12202
12203,Product 12203
12204,Product 12204
12206,Product 12206
12207,Product 12207
12208,Product 12208
12209,Product 12209
12210,Product 12210
12211,Product 12211
12212,Product 12212
12213,Product 12213
12214,Product 12214
12215,Product 12215
12216,Product 12216
12217,Product 12217
12218,Product 12218
12219,Product 12219
12220,Product 12220
12221,Product 12221
12222,Product 12222
12223,Product 12223
12224,Product 12224
12225,Product 12225
12226,Product 12226
12229,Product 12229
12230,Product 12230
12233,Product 12233
12234,Product 12234
12235,Product 12235
12236,Product 12236
12237,Product 12237
12238,Product 12238
12239,Product 12239
12241,Product 12241
12242,Product 12242
12244,Product 12244
12245,Product 12245
12246,Product 12246
12247,Product 12247
12249,Product 12249
12251,Product 12251
12253,Product 12253
12254,Product 12254
12255,Product 12255
12257,Product 12257
12258,Product 12258
12259,Product 12259
12260,Product 12260
12263,Product 12263
12264,Product 12264
12265,Product 12265
12266,Product 12266
12267,Product 12267
12271,Product 12271
12272,Product 12272
12273,Product 12273
12274,Product 12274
12275,Product 12275
12277,Product 12277
12278,Product 12278
12279,Product 12279
12282,Product 12282
12284,Product 12284
12285,Product 12285
12286,Product 12286
12287,Product 12287
12288,Product 12288
12289,Product 12289
12290,Product 12290
12292,Product 12292
12295,Product 12295
12296,Product 12296
12297,Product 12297
12298,Product 12298
12303,Product 12303
12304,Product 12304
12305,Product 12305
12309,Product 12309
12311,Product 12311
12313,Product 12313
12316,Product 12316
12318,Product 12318
12319,Product 12319
12320,Product 12320
12321,Product 12321
12322,Product 12322
12324,Product 12324
12326,Product 12326
12327,Product 12327
12328,Product 12328
12329,Product 12329
12331,Product 12331
12333,Product 12333
12337,Product 12337
12338,Product 12338
12339,Product 12339
12340,Product 12340
12344,Product 12344
12345,Product 12345
12346,Product 12346
12348,Product 12348
12350,Product 12350
12354,Product 12354
12357,Product 12357
12358,Product 12358
12360,Product 12360
12361,Product 12361
12364,Product 12364
12367,Product 12367
12368,Product 12368
12369,Product 12369
12371,Product 12371
12372,Product 12372
12374,Product 12374
12376,Product 12376
12378,Product 12378
12380,Product 12380
12381,Product 12381
12383,Product 12383
12385,Product 12385
12386,Product 12386
12387,Product 12387
12388,Product 12388
12389,Product 12389
12390,Product 12390
12391,Product 12391
12392,Product 12392
12393,Product 12393
12394,Product 12394
12395,Product 12395
12396,Product 12396
12397,Product 12397
12398,Product 12398
12399,Product 12399
12400,Product 12400
12401,Product 12401
12402,Product 12402
12403,Product 12403
12404,Product 12404
12405,Product 12405
12406,Product 12406
12407,Product 12407
12408,Product 12408
12409,Product 12409
12410,Product 12410
12411,Product 12411
12412,Product 12412
12413,Product 12413
12414,Product 12414
12415,Product 12415
12416,Product 12416
12417,Product 12417
12418,Product 12418
12419,Product 12419
12420,Product 12420
12421,Product 12421
12422,Product 12422
12423,Product 12423
12424,Product 12424
12425,Product 12425
12426,Product 12426
12427,Product 12427
12428,Product 12428
12429,Product 12429
12430,Product 12430
12431,Product 12431
12432,Product 12432
12433,Product 12433
12434,Product 12434
12435,Product 12435
12436,Product 12436
12437,Product 12437
12438,Product 12438
12439,Product 12439
12440,Product 12440
12441,Product 12441
12442,Product 12442
12443,Product 12443
12444,Product 12444
12445,Product 12445
12446,Product 12446
12447,Product 12447
12448,Product 12448
12449,Product 12449
12450,Product 12450
12451,Product 12451
12452,Product 12452
12453,Product 12453
12454,Product 12454
12455,Product 12455
12456,Product 12456
12460,Product 12460
12462,Product 12462
12463,Product 12463
12464,Product 12464
12465,Product 12465
12466,Product 12466
12467,Product 12467
12468,Product 12468
12469,Product 12469
12470,Product 12470
12471,Product 12471
12472,Product 12472
12473,Product 12473
12474,Product 12474
12475,Product 12475
12476,Product 12476
12477,Product 12477
12478,Product 12478
12479,Product 12479
12480,Product 12480
12481,Product 12481
12482,Product 12482
12483,Product 12483
12484,Product 12484
12485,Product 12485
12486,Product 12486
12487,Product 12487
12488,Product 12488
12489,Product 12489
12490,Product 12490
12491,Product 12491
12492,Product 12492
12493,Product 12493
12494,Product 12494
12495,Product 12495
12496,Product 12496
12497,Product 12497
12498,Product 12498
12500,Product 12500
12501,Product 12501
12502,Product 12502
12503,Product 12503
12504,Product 12504
12505,Product 12505
12506,Product 12506
12507,Product 12507
12508,Product 12508
12509,Product 12509
12510,Product 12510
12511,Product 12511
12512,Product 12512
12513,Product 12513
12514,Product 12514
12515,Product 12515
12516,Product 12516
12517,Product 12517
12518,Product 12518
12519,Product 12519
12520,Product 12520
12521,Product 12521
12522,Product 12522
12523,Product 12523
12526,Product 12526
12529,Product 12529
12530,Product 12530
12531,Product 12531
12532,Product 12532
12533,Product 12533
12534,Product 12534
12535,Product 12535
12536,Product 12536
12537,Product 12537
12538,Product 12538
12539,Product 12539
12540,Product 12540
12541,Product 12541
12542,Product 12542
12543,Product 12543
12544,Product 12544
12545,Product 12545
12546,Product 12546
12556,Product 12556
12557,Product 12557
12560,Product 12560
12567,Product 12567
12568,Product 12568
12569,Product 12569
12572,Product 12572
12576,Product 12576
12577,Product 12577
12578,Product 12578
12579,Product 12579
12580,Product 12580
12581,Product 12581
12582,Product 12582
12583,Product 12583
12584,Product 12584
12585,Product 12585
12586,Product 12586
12587,Product 12587
12588,Product 12588
12589,Product 12589
12590,Product 12590
12591,Product 12591
12592,Product 12592
12593,Product 12593
12594,Product 12594
12595,Product 12595
12597,Product 12597
12598,Product 12598
12599,Product 12599
12600,Product 12600
12601,Product 12601
12602,Product 12602
12603,Product 12603
12604,Product 12604
12605,Product 12605
12606,Product 12606
12607,Product 12607
12608,Product 12608
12609,Product 12609
12610,Product 12610
12611,Product 12611
12612,Product 12612
12613,Product 12613
12614,Product 12614
12615,Product 12615
12616,Product 12616
12617,Product 12617
12618,Product 12618
12619,Product 12619
12620,Product 12620
12621,Product 12621
12622,Product 12622
12623,Product 12623
12624,Product 12624
12625,Product 12625
12626,Product 12626
12627,Product 12627
12629,Product 12629
12630,Product 12630
12631,Product 12631
12632,Product 12632
12633,Product 12633
12634,Product 12634
12635,Product 12635
12636,Product 12636
12637,Product 12637
12638,Product 12638
12639,Product 12639
12640,Product 12640
12641,Product 12641
12642,Product 12642
12643,Product 12643
12644,Product 12644
12645,Product 12645
12646,Product 12646
12649,Product 12649
12650,Product 12650
12651,Product 12651
12652,Product 12652
12653,Product 12653
12654,Product 12654
12655,Product 12655
12656,Product 12656
12657,Product 12657
12658,Product 12658
12659,Product 12659
12660,Product 12660
12661,Product 12661
12662,Product 12662
12663,Product 12663
12664,Product 12664
12665,Product 12665
12666,Product 12666
12667,Product 12667
12668,Product 12668
12669,Product 12669
12670,Product 12670
12671,Product 12671
12672,Product 12672
12673,Product 12673
12674,Product 12674
12675,Product 12675
12676,Product 12676
12677,Product 12677
12678,Product 12678
12679,Product 12679
12680,Product 12680
12681,Product 12681
12683,Product 12683
12685,Product 12685
12688,Product 12688
12691,Product 12691
12692,Product 12692
12693,Product 12693
12694,Product 12694
12695,Product 12695
12696,Product 12696
12697,Product 12697
12698,Product 12698
12699,Product 12699
12700,Product 12700
12701,Product 12701
12702,Product 12702
12703,Product 12703
12704,Product 12704
12705,Product 12705
12706,Product 12706
12707,Product 12707
12708,Product 12708
12709,Product 12709
12710,Product 12710
12711,Product 12711
12712,Product 12712
12713,Product 12713
12714,Product 12714
12715,Product 12715
12716,Product 12716
12717,Product 12717
12718,Product 12718
12719,Product 12719
12720,Product 12720
12721,Product 12721
12722,Product 12722
12723,Product 12723
12724,Product 12724
12725,Product 12725
12726,Product 12726
12727,Product 12727
12728,Product 12728
12729,Product 12729
12730,Product 12730
12731,Product 12731
12732,Product 12732
12733,Product 12733
12734,Product 12734
12735,Product 12735
12736,Product 12736
12737,Product 12737
12739,Product 12739
12740,Product 12740
12741,Product 12741
12742,Product 12742
12743,Product 12743
12744,Product 12744
12745,Product 12745
12746,Product 12746
12747,Product 12747
12748,Product 12748
12750,Product 12750
12751,Product 12751
12752,Product 12752
12753,Product 12753
12754,Product 12754
12755,Product 12755
12757,Product 12757
12758,Product 12758
12759,Product 12759
12760,Product 12760
12762,Product 12762
12765,Product 12765
12766,Product 12766
12768,Product 12768
12769,Product 12769
12770,Product 12770
12771,Product 12771
12772,Product 12772
12773,Product 12773
12774,Product 12774
12775,Product 12775
12776,Product 12776
12777,Product 12777
12778,Product 12778
12779,Product 12779
12780,Product 12780
12781,Product 12781
12782,Product 12782
12783,Product 12783
12784,Product 12784
12785,Product 12785
12786,Product 12786
12787,Product 12787
12788,Product 12788
12789,Product 12789
12790,Product 12790
12791,Product 12791
12792,Product 12792
12793,Product 12793
12794,Product 12794
12795,Product 12795
12796,Product 12796
12797,Product 12797
12798,Product 12798
12799,Product 12799
12800,Product 12800
12801,Product 12801
12802,Product 12802
12803,Product 12803
12804,Product 12804
12805,Product 12805
12806,Product 12806
12807,Product 12807
12808,Product 12808
12809,Product 12809
12810,Product 12810
12811,Product 12811
12812,Product 12812
12813,Product 12813
12814,Product 12814
12816,Product 12816
12817,Product 12817
12819,Product 12819
12820,Product 12820
12821,Product 12821
12822,Product 12822
12823,Product 12823
12824,Product 12824
12825,Product 12825
12826,Product 12826
12827,Product 12827
12828,Product 12828
12829,Product 12829
12830,Product 12830
12831,Product 12831
12832,Product 12832
12833,Product 12833
12834,Product 12834
12835,Product 12835
12836,Product 12836
12837,Product 12837
12838,Product 12838
12839,Product 12839
12840,Product 12840
12841,Product 12841
12842,Product 12842
12843,Product 12843
12844,Product 12844
12845,Product 12845
12846,Product 12846
12847,Product 12847
12848,Product 12848
12849,Product 12849
12850,Product 12850
12851,Product 12851
12852,Product 12852
12853,Product 12853
12854,Product 12854
12855,Product 12855
12856,Product 12856
12857,Product 12857
12858,Product 12858
12859,Product 12859
12860,Product 12860
12861,Product 12861
12862,Product 12862
12863,Product 12863
12864,Product 12864
12865,Product 12865
12866,Product 12866
12867,Product 12867
12868,Product 12868
12869,Product 12869
12870,Product 12870
12871,Product 12871
12872,Product 12872
12873,Product 12873
12874,Product 12874
12875,Product 12875
12876,Product 12876
12877,Product 12877
12878,Product 12878
12879,Product 12879
12880,Product 12880
12881,Product 12881
12882,Product 12882
12883,Product 12883
12884,Product 12884
12885,Product 12885
12886,Product 12886
12888,Product 12888
12889,Product 12889
12890,Product 12890
12891,Product 12891
12892,Product 12892
12893,Product 12893
12895,Product 12895
12896,Product 12896
12897,Product 12897
12900,Product 12900
12902,Product 12902
12903,Product 12903
12904,Product 12904
12905,Product 12905
12907,Product 12907
12908,Product 12908
12909,Product 12909
12910,Product 12910
12912,Product 12912
12913,Product 12913
12914,Product 12914
12915,Product 12915
12916,Product 12916
12917,Product 12917
12918,Product 12918
12919,Product 12919
12920,Product 12920
12921,Product 12921
12922,Product 12922
12923,Product 12923
12924,Product 12924
12925,Product 12925
12926,Product 12926
12927,Product 12927
12928,Product 12928
12929,Product 12929
12930,Product 12930
12931,Product 12931
12932,Product 12932
12933,Product 12933
12934,Product 12934
12935,Product 12935
12936,Product 12936
12937,Product 12937
12939,Product 12939
12940,Product 12940
12941,Product 12941
12942,Product 12942
12943,Product 12943
12944,Product 12944
12945,Product 12945
12946,Product 12946
12947,Product 12947
12948,Product 12948
12950,Product 12950
12951,Product 12951
12952,Product 12952
12953,Product 12953
12954,Product 12954
12955,Product 12955
12956,Product 12956
12957,Product 12957
12958,Product 12958
12959,Product 12959
12960,Product 12960
12961,Product 12961
12963,Product 12963
12965,Product 12965
12966,Product 12966
12967,Product 12967
12968,Product 12968
12969,Product 12969
12970,Product 12970
12971,Product 12971
12972,Product 12972
12973,Product 12973
12974,Product 12974
12975,Product 12975
12976,Product 12976
12977,Product 12977
12978,Product 12978
12979,Product 12979
12980,Product 12980
12981,Product 12981
12982,Product 12982
12983,Product 12983
12984,Product 12984
12985,Product 12985
12986,Product 12986
12987,Product 12987
12988,Product 12988
12989,Product 12989
12990,Product 12990
12991,Product 12991
12992,Product 12992
12993,Product 12993
12994,Product 12994
12995,Product 12995
12996,Product 12996
12997,Product 12997
12998,Product 12998
12999,Product 12999
13000,Product 13000
13002,Product 13002
13003,Product 13003
13012,Product 13012
13013,Product 13013
13014,Product 13014
13015,Product 13015
13016,Product 13016
13018,Product 13018
13019,Product 13019
13023,Product 13023
13025,Product 13025
13026,Product 13026
13027,Product 13027
13028,Product 13028
13031,Product 13031
13033,Product 13033
13035,Product 13035
13036,Product 13036
13037,Product 13037
13039,Product 13039
13040,Product 13040
13042,Product 13042
13044,Product 13044
13045,Product 13045
13047,Product 13047
13048,Product 13048
13049,Product 13049
13050,Product 13050
13051,Product 13051
13052,Product 13052
13053,Product 13053
13054,Product 13054
13055,Product 13055
13056,Product 13056
13057,Product 13057
13058,Product 13058
13059,Product 13059
13060,Product 13060
13061,Product 13061
13062,Product 13062
13063,Product 13063
13064,Product 13064
13065,Product 13065
13066,Product 13066
13067,Product 13067
13068,Product 13068
13069,Product 13069
13070,Product 13070
13071,Product 13071
13072,Product 13072
13073,Product 13073
13074,Product 13074
13075,Product 13075
13076,Product 13076
13077,Product 13077
13078,Product 13078
13079,Product 13079
13080,Product 13080
13081,Product 13081
13082,Product 13082
13083,Product 13083
13084,Product 13084
13085,Product 13085
13086,Product 13086
13087,Product 13087
13088,Product 13088
13089,Product 13089
13090,Product 13090
13091,Product 13091
13092,Product 13092
13093,Product 13093
13094,Product 13094
13095,Product 13095
13096,Product 13096
13097,Product 13097
13098,Product 13098
13099,Product 13099
13100,Product 13100
13101,Product 13101
13102,Product 13102
13103,Product 13103
13104,Product 13104
13105,Product 13105
13106,Product 13106
13107,Product 13107
13108,Product 13108
13109,Product 13109
13110,Product 13110
13111,Product 13111
13112,Product 13112
13113,Product 13113
13114,Product 13114
13115,Product 13115
13116,Product 13116
13117,Product 13117
13118,Product 13118
13120,Product 13120
13121,Product 13121
13122,Product 13122
13123,Product 13123
13124,Product 13124
13125,Product 13125
13126,Product 13126
13127,Product 13127
13128,Product 13128
13129,Product 13129
13130,Product 13130
13131,Product 13131
13132,Product 13132
13133,Product 13133
13134,Product 13134
13135,Product 13135
13136,Product 13136
13137,Product 13137
13138,Product 13138
13139,Product 13139
13143,Product 13143
13144,Product 13144
13146,Product 13146
13150,Product 13150
13151,Product 13151
13152,Product 13152
13153,Product 13153
13154,Product 13154
13155,Product 13155
13156,Product 13156
13157,Product 13157
13158,Product 13158
13159,Product 13159
13160,Product 13160
13161,Product 13161
13162,Product 13162
13163,Product 13163
13164,Product 13164
13165,Product 13165
13166,Product 13166
13167,Product 13167
13168,Product 13168
13169,Product 13169
13170,Product 13170
13171,Product 13171
13172,Product 13172
13174,Product 13174
13177,Product 13177
13178,Product 13178
13179,Product 13179
13180,Product 13180
13181,Product 13181
13182,Product 13182
13183,Product 13183
13184,Product 13184
13186,Product 13186
13187,Product 13187
13188,Product 13188
13189,Product 13189
13190,Product 13190
13191,Product 13191
13192,Product 13192
13193,Product 13193
13194,Product 13194
13195,Product 13195
13196,Product 13196
13197,Product 13197
13198,Product 13198
13199,Product 13199
13201,Product 13201
13202,Product 13202
13203,Product 13203
13204,Product 13204
13205,Product 13205
13206,Product 13206
13207,Product 13207
13208,Product 13208
13209,Product 13209
13210,Product 13210
13211,Product 13211
13212,Product 13212
13213,Product 13213
13214,Product 13214
13215,Product 13215
13216,Product 13216
13217,Product 13217
13218,Product 13218
13219,Product 13219
13220,Product 13220
13221,Product 13221
13222,Product 13222
13223,Product 13223
13224,Product 13224
13225,Product 13225
13226,Product 13226
13227,Product 13227
13228,Product 13228
13229,Product 13229
13230,Product 13230
13231,Product 13231
13232,Product 13232
13233,Product 13233
13234,Product 13234
13235,Product 13235
13236,Product 13236
13237,Product 13237
13238,Product 13238
13239,Product 13239
13240,Product 13240
13241,Product 13241
13242,Product 13242
13243,Product 13243
13244,Product 13244
13245,Product 13245
13246,Product 13246
13247,Product 13247
13248,Product 13248
13249,Product 13249
13250,Product 13250
13251,Product 13251
13252,Product 13252
13253,Product 13253
13254,Product 13254
13255,Product 13255
13256,Product 13256
13257,Product 13257
13258,Product 13258
13259,Product 13259
13260,Product 13260
13261,Product 13261
13262,Product 13262
13263,Product 13263
13264,Product 13264
13266,Product 13266
13267,Product 13267
13268,Product 13268
13269,Product 13269
13270,Product 13270
13271,Product 13271
13273,Product 13273
13275,Product 13275
13280,Product 13280
13282,Product 13282
13283,Product 13283
13284,Product 13284
13285,Product 13285
13286,Product 13286
13287,Product 13287
13288,Product 13288
13289,Product 13289
13290,Product 13290
13291,Product 13291
13292,Product 13292
13293,Product 13293
13294,Product 13294
13295,Product 13295
13296,Product 13296
13297,Product 13297
13298,Product 13298
13299,Product 13299
13300,Product 13300
13301,Product 13301
13302,Product 13302
13303,Product 13303
13304,Product 13304
13305,Product 13305
13306,Product 13306
13307,Product 13307
13308,Product 13308
13309,Product 13309
13310,Product 13310
13311,Product 13311
13312,Product 13312
13313,Product 13313
13314,Product 13314
13315,Product 13315
13316,Product 13316
13317,Product 13317
13318,Product 13318
13319,Product 13319
13320,Product 13320
13321,Product 13321
13322,Product 13322
13323,Product 13323
13324,Product 13324
13325,Product 13325
13326,Product 13326
13327,Product 13327
13328,Product 13328
13329,Product 13329
13330,Product 13330
13331,Product 13331
13332,Product 13332
13333,Product 13333
13334,Product 13334
13335,Product 13335
13336,Product 13336
13337,Product 13337
13338,Product 13338
13339,Product 13339
13340,Product 13340
13341,Product 13341
13342,Product 13342
13343,Product 13343
13344,Product 13344
13345,Product 13345
13346,Product 13346
13347,Product 13347
13348,Product 13348
13349,Product 13349
13350,Product 13350
13351,Product 13351
13352,Product 13352
13353,Product 13353
13354,Product 13354
13355,Product 13355
13356,Product 13356
13357,Product 13357
13358,Product 13358
13359,Product 13359
13360,Product 13360
13361,Product 13361
13362,Product 13362
13363,Product 13363
13364,Product 13364
13365,Product 13365
13366,Product 13366
13367,Product 13367
13368,Product 13368
13369,Product 13369
13370,Product 13370
13371,Product 13371
13372,Product 13372
13373,Product 13373
13374,Product 13374
13375,Product 13375
13376,Product 13376
13377,Product 13377
13378,Product 13378
13379,Product 13379
13380,Product 13380
13381,Product 13381
13382,Product 13382
13383,Product 13383
13384,Product 13384
13385,Product 13385
13386,Product 13386
13387,Product 13387
13388,Product 13388
13389,Product 13389
13390,Product 13390
13391,Product 13391
13392,Product 13392
13393,Product 13393
13394,Product 13394
13395,Product 13395
13396,Product 13396
13397,Product 13397
13398,Product 13398
13399,Product 13399
13400,Product 13400
13401,Product 13401
13402,Product 13402
13403,Product 13403
13404,Product 13404
13405,Product 13405
13406,Product 13406
13407,Product 13407
13408,Product 13408
13410,Product 13410
13411,Product 13411
13412,Product 13412
13413,Product 13413
13414,Product 13414
13415,Product 13415
13416,Product 13416
13417,Product 13417
13418,Product 13418
13419,Product 13419
13420,Product 13420
13421,Product 13421
13422,Product 13422
13423,Product 13423
13424,Product 13424
13425,Product 13425
13426,Product 13426
13427,Product 13427
13428,Product 13428
13429,Product 13429
13430,Product 13430
13432,Product 13432
13433,Product 13433
13434,Product 13434
13435,Product 13435
13436,Product 13436
13437,Product 13437
13438,Product 13438
13439,Product 13439
13440,Product 13440
13441,Product 13441
13442,Product 13442
13443,Product 13443
13444,Product 13444
13445,Product 13445
13446,Product 13446
13447,Product 13447
13448,Product 13448
13449,Product 13449
13450,Product 13450
13451,Product 13451
13452,Product 13452
13453,Product 13453
13454,Product 13454
13455,Product 13455
13456,Product 13456
13457,Product 13457
13458,Product 13458
13459,Product 13459
13460,Product 13460
13461,Product 13461
13462,Product 13462
13463,Product 13463
13464,Product 13464
13465,Product 13465
13466,Product 13466
13467,Product 13467
13468,Product 13468
13469,Product 13469
13470,Product 13470
13471,Product 13471
13472,Product 13472
13473,Product 13473
13474,Product 13474
13475,Product 13475
13476,Product 13476
13477,Product 13477
13478,Product 13478
13479,Product 13479
13480,Product 13480
13481,Product 13481
13482,Product 13482
13483,Product 13483
13484,Product 13484
13485,Product 13485
13486,Product 13486
13487,Product 13487
13489,Product 13489
13490,Product 13490
13491,Product 13491
13493,Product 13493
13494,Product 13494
13495,Product 13495
13496,Product 13496
13497,Product 13497
13498,Product 13498
13499,Product 13499
13500,Product 13500
13501,Product 13501
13502,Product 13502
13503,Product 13503
13504,Product 13504
13505,Product 13505
13506,Product 13506
13507,Product 13507
13508,Product 13508
13509,Product 13509
13510,Product 13510
13511,Product 13511
13513,Product 13513
13514,Product 13514
13515,Product 13515
13516,Product 13516
13517,Product 13517
13518,Product 13518
13519,Product 13519
13520,Product 13520
13521,Product 13521
13522,Product 13522
13523,Product 13523
13524,Product 13524
13525,Product 13525
13527,Product 13527
13528,Product 13528
13529,Product 13529
13530,Product 13530
13531,Product 13531
13532,Product 13532
13533,Product 13533
13534,Product 13534
13535,Product 13535
13536,Product 13536
13537,Product 13537
13538,Product 13538
13539,Product 13539
13540,Product 13540
13541,Product 13541
13542,Product 13542
13543,Product 13543
13544,Product 13544
13545,Product 13545
13546,Product 13546
13547,Product 13547
13548,Product 13548
13549,Product 13549
13550,Product 13550
13551,Product 13551
13552,Product 13552
13553,Product 13553
13554,Product 13554
13555,Product 13555
13556,Product 13556
13557,Product 13557
13558,Product 13558
13559,Product 13559
13560,Product 13560
13561,Product 13561
13562,Product 13562
13563,Product 13563
13564,Product 13564
13565,Product 13565
13566,Product 13566
13567,Product 13567
13568,Product 13568
13569,Product 13569
13570,Product 13570
13571,Product 13571
13572,Product 13572
13573,Product 13573
13574,Product 13574
13576,Product 13576
13578,Product 13578
13580,Product 13580
13582,Product 13582
13584,Product 13584
13587,Product 13587
13590,Product 13590
13593,Product 13593
13596,Product 13596
13599,Product 13599
13602,Product 13602
13605,Product 13605
13607,Product 13607
13609,Product 13609
13611,Product 13611
13613,Product 13613
13615,Product 13615
13616,Product 13616
13617,Product 13617
13618,Product 13618
13619,Product 13619
13621,Product 13621
13624,Product 13624
13627,Product 13627
13630,Product 13630
13632,Product 13632
13634,Product 13634
13635,Product 13635
13637,Product 13637
13639,Product 13639
13640,Product 13640
13641,Product 13641
13642,Product 13642
13643,Product 13643
13644,Product 13644
13645,Product 13645
13646,Product 13646
13648,Product 13648
13649,Product 13649
13650,Product 13650
13651,Product 13651
13652,Product 13652
13653,Product 13653
13654,Product 13654
13655,Product 13655
13656,Product 13656
13657,Product 13657
13659,Product 13659
13661,Product 13661
13662,Product 13662
13666,Product 13666
13668,Product 13668
13669,Product 13669
13670,Product 13670
13671,Product 13671
13672,Product 13672
13673,Product 13673
13674,Product 13674
13675,Product 13675
13676,Product 13676
13677,Product 13677
13678,Product 13678
13679,Product 13679
13680,Product 13680
13681,Product 13681
13682,Product 13682
13683,Product 13683
13684,Product 13684
13685,Product 13685
13686,Product 13686
13687,Product 13687
13688,Product 13688
13689,Product 13689
13690,Product 13690
13691,Product 13691
13696,Product 13696
13697,Product 13697
13698,Product 13698
13699,Product 13699
13700,Product 13700
13701,Product 13701
13702,Product 13702
13703,Product 13703
13704,Product 13704
13705,Product 13705
13706,Product 13706
13707,Product 13707
13711,Product 13711
13712,Product 13712
13713,Product 13713
13714,Product 13714
13715,Product 13715
13717,Product 13717
13718,Product 13718
13720,Product 13720
13721,Product 13721
13722,Product 13722
13724,Product 13724
13725,Product 13725
13726,Product 13726
13727,Product 13727
13728,Product 13728
13729,Product 13729
13730,Product 13730
13731,Product 13731
13732,Product 13732
13733,Product 13733
13734,Product 13734
13735,Product 13735
13736,Product 13736
13737,Product 13737
13738,Product 13738
13739,Product 13739
13740,Product 13740
13741,Product 13741
13743,Product 13743
13744,Product 13744
13745,Product 13745
13746,Product 13746
13747,Product 13747
13748,Product 13748
13749,Product 13749
13750,Product 13750
13751,Product 13751
13752,Product 13752
13753,Product 13753
13754,Product 13754
13755,Product 13755
13756,Product 13756
13757,Product 13757
13758,Product 13758
13759,Product 13759
13760,Product 13760
13761,Product 13761
13762,Product 13762
13763,Product 13763
13764,Product 13764
13765,Product 13765
13767,Product 13767
13768,Product 13768
13769,Product 13769
13770,Product 13770
13771,Product 13771
13774,Product 13774
13776,Product 13776
13778,Product 13778
13779,Product 13779
13780,Product 13780
13781,Product 13781
13782,Product 13782
13783,Product 13783
13784,Product 13784
13785,Product 13785
13786,Product 13786
13789,Product 13789
13790,Product 13790
13792,Product 13792
13793,Product 13793
13796,Product 13796
13799,Product 13799
13800,Product 13800
13802,Product 13802
13803,Product 13803
13804,Product 13804
13810,Product 13810
13811,Product 13811
13812,Product 13812
13813,Product 13813
13814,Product 13814
13815,Product 13815
13816,Product 13816
13818,Product 13818
13821,Product 13821
13824,Product 13824
13826,Product 13826
13827,Product 13827
13828,Product 13828
13829,Product 13829
13830,Product 13830
13831,Product 13831
13832,Product 13832
13833,Product 13833
13835,Product 13835
13836,Product 13836
13837,Product 13837
13838,Product 13838
13839,Product 13839
13840,Product 13840
13841,Product 13841
13843,Product 13843
13844,Product 13844
13845,Product 13845
13846,Product 13846
13847,Product 13847
13848,Product 13848
13849,Product 13849
13850,Product 13850
13851,Product 13851
13852,Product 13852
13853,Product 13853
13854,Product 13854
13855,Product 13855
13856,Product 13856
13857,Product 13857
13858,Product 13858
13859,Product 13859
13860,Product 13860
13861,Product 13861
13862,Product 13862
13863,Product 13863
13864,Product 13864
13865,Product 13865
13866,Product 13866
13867,Product 13867
13868,Product 13868
13869,Product 13869
13870,Product 13870
13871,Product 13871
13872,Product 13872
13873,Product 13873
13874,Product 13874
13875,Product 13875
13877,Product 13877
13878,Product 13878
13879,Product 13879
13880,Product 13880
13881,Product 13881
13882,Product 13882
13883,Product 13883
13884,Product 13884
13885,Product 13885
13886,Product 13886
13887,Product 13887
13888,Product 13888
13889,Product 13889
13890,Product 13890
13891,Product 13891
13892,Product 13892
13894,Product 13894
13895,Product 13895
13896,Product 13896
13897,Product 13897
13898,Product 13898
13900,Product 13900
13901,Product 13901
13902,Product 13902
13903,Product 13903
13904,Product 13904
13905,Product 13905
13906,Product 13906
13907,Product 13907
13908,Product 13908
13909,Product 13909
13910,Product 13910
13911,Product 13911
13912,Product 13912
13913,Product 13913
13914,Product 13914
13915,Product 13915
13916,Product 13916
13917,Product 13917
13918,Product 13918
13919,Product 13919
13920,Product 13920
13921,Product 13921
13922,Product 13922
13923,Product 13923
13924,Product 13924
13925,Product 13925
13926,Product 13926
13927,Product 13927
13928,Product 13928
13929,Product 13929
13932,Product 13932
13933,Product 13933
13934,Product 13934
13935,Product 13935
13936,Product 13936
13938,Product 13938
13939,Product 13939
13940,Product 13940
13941,Product 13941
13942,Product 13942
13943,Product 13943
13945,Product 13945
13946,Product 13946
13947,Product 13947
13948,Product 13948
13949,Product 13949
13950,Product 13950
13951,Product 13951
13952,Product 13952
13953,Product 13953
13954,Product 13954
13955,Product 13955
13956,Product 13956
13957,Product 13957
13958,Product 13958
13959,Product 13959
13960,Product 13960
13961,Product 13961
13962,Product 13962
13963,Product 13963
13964,Product 13964
13965,Product 13965
13966,Product 13966
13967,Product 13967
13968,Product 13968
13969,Product 13969
13970,Product 13970
13971,Product 13971
13972,Product 13972
13973,Product 13973
13974,Product 13974
13975,Product 13975
13976,Product 13976
13977,Product 13977
13978,Product 13978
13979,Product 13979
13980,Product 13980
13981,Product 13981
13982,Product 13982
13983,Product 13983
13984,Product 13984
13985,Product 13985
13986,Product 13986
13987,Product 13987
13988,Product 13988
13989,Product 13989
13991,Product 13991
13992,Product 13992
13993,Product 13993
13994,Product 13994
13995,Product 13995
13996,Product 13996
13997,Product 13997
13998,Product 13998
13999,Product 13999
14000,Product 14000
14001,Product 14001
14002,Product 14002
14003,Product 14003
14004,Product 14004
14005,Product 14005
14006,Product 14006
14007,Product 14007
14008,Product 14008
14009,Product 14009
14010,Product 14010
14011,Product 14011
14012,Product 14012
14013,Product 14013
14014,Product 14014
14015,Product 14015
14016,Product 14016
14017,Product 14017
14018,Product 14018
14019,Product 14019
14020,Product 14020
14021,Product 14021
14022,Product 14022
14023,Product 14023
14024,Product 14024
14025,Product 14025
14026,Product 14026
14027,Product 14027
14028,Product 14028
14029,Product 14029
14030,Product 14030
14031,Product 14031
14032,Product 14032
14033,Product 14033
14034,Product 14034
14035,Product 14035
14036,Product 14036
14037,Product 14037
14038,Product 14038
14039,Product 14039
14040,Product 14040
14041,Product 14041
14042,Product 14042
14043,Product 14043
14044,Product 14044
14045,Product 14045
14047,Product 14047
14048,Product 14048
14049,Product 14049
14050,Product 14050
14051,Product 14051
14052,Product 14052
14053,Product 14053
14054,Product 14054
14055,Product 14055
14056,Product 14056
14057,Product 14057
14058,Product 14058
14059,Product 14059
14060,Product 14060
14061,Product 14061
14062,Product 14062
14063,Product 14063
14064,Product 14064
14065,Product 14065
14066,Product 14066
14067,Product 14067
14068,Product 14068
14069,Product 14069
14070,Product 14070
14071,Product 14071
14072,Product 14072
14073,Product 14073
14074,Product 14074
14075,Product 14075
14076,Product 14076
14077,Product 14077
14078,Product 14078
14079,Product 14079
14080,Product 14080
14081,Product 14081
14082,Product 14082
14083,Product 14083
14084,Product 14084
14085,Product 14085
14086,Product 14086
14087,Product 14087
14088,Product 14088
14089,Product 14089
14090,Product 14090
14091,Product 14091
14092,Product 14092
14093,Product 14093
14094,Product 14094
14095,Product 14095
14096,Product 14096
14097,Product 14097
14098,Product 14098
14099,Product 14099
14100,Product 14100
14101,Product 14101
14102,Product 14102
14103,Product 14103
14104,Product 14104
14105,Product 14105
14106,Product 14106
14107,Product 14107
14108,Product 14108
14109,Product 14109
14110,Product 14110
14111,Product 14111
14112,Product 14112
14113,Product 14113
14114,Product 14114
14116,Product 14116
14117,Product 14117
14118,Product 14118
14119,Product 14119
14120,Product 14120
14121,Product 14121
14122,Product 14122
14123,Product 14123
14124,Product 14124
14125,Product 14125
14126,Product 14126
14127,Product 14127
14128,Product 14128
14129,Product 14129
14130,Product 14130
14131,Product 14131
14132,Product 14132
14133,Product 14133
14134,Product 14134
14135,Product 14135
14136,Product 14136
14137,Product 14137
14138,Product 14138
14139,Product 14139
14140,Product 14140
14141,Product 14141
14142,Product 14142
14144,Product 14144
14145,Product 14145
14147,Product 14147
14148,Product 14148
14151,Product 14151
14152,Product 14152
14156,Product 14156
14157,Product 14157
14158,Product 14158
14159,Product 14159
14161,Product 14161
14162,Product 14162
14163,Product 14163
14164,Product 14164
14165,Product 14165
14166,Product 14166
14168,Product 14168
14169,Product 14169
14170,Product 14170
14171,Product 14171
14176,Product 14176
14197,Product 14197
14200,Product 14200
14281,Product 14281
14282,Product 14282
14283,Product 14283
14284,Product 14284
14285,Product 14285
14286,Product 14286
14287,Product 14287
14288,Product 14288
14289,Product 14289
14290,Product 14290
14291,Product 14291
14293,Product 14293
14294,Product 14294
14295,Product 14295
14296,Product 14296
14297,Product 14297
14298,Product 14298
14299,Product 14299
14300,Product 14300
14301,Product 14301
14302,Product 14302
14303,Product 14303
14304,Product 14304
14305,Product 14305
14306,Product 14306
14307,Product 14307
14308,Product 14308
14309,Product 14309
14310,Product 14310
14311,Product 14311
14312,Product 14312
14313,Product 14313
14314,Product 14314
14315,Product 14315
14316,Product 14316
14317,Product 14317
14318,Product 14318
14319,Product 14319
14320,Product 14320
14321,Product 14321
14322,Product 14322
14323,Product 14323
14324,Product 14324
14325,Product 14325
14326,Product 14326
14327,Product 14327
14329,Product 14329
14330,Product 14330
14331,Product 14331
14332,Product 14332
14333,Product 14333
14334,Product 14334
14335,Product 14335
14336,Product 14336
14337,Product 14337
14338,Product 14338
14339,Product 14339
14340,Product 14340
14341,Product 14341
14342,Product 14342
14343,Product 14343
14344,Product 14344
14345,Product 14345
14346,Product 14346
14347,Product 14347
14348,Product 14348
14349,Product 14349
14350,Product 14350
14351,Product 14351
14352,Product 14352
14353,Product 14353
14354,Product 14354
14356,Product 14356
14357,Product 14357
14358,Product 14358
14359,Product 14359
14360,Product 14360
14361,Product 14361
14362,Product 14362
14363,Product 14363
14364,Product 14364
14365,Product 14365
14366,Product 14366
14367,Product 14367
14368,Product 14368
14369,Product 14369
14370,Product 14370
14371,Product 14371
14372,Product 14372
14373,Product 14373
14374,Product 14374
14375,Product 14375
14376,Product 14376
14377,Product 14377
14378,Product 14378
14379,Product 14379
14380,Product 14380
14381,Product 14381
14383,Product 14383
14384,Product 14384
14385,Product 14385
14386,Product 14386
14387,Product 14387
14389,Product 14389
14390,Product 14390
14391,Product 14391
14392,Product 14392
14395,Product 14395
14396,Product 14396
14398,Product 14398
14401,Product 14401
14408,Product 14408
14409,Product 14409
14410,Product 14410
14411,Product 14411
14414,Product 14414
14415,Product 14415
14417,Product 14417
14419,Product 14419
14420,Product 14420
14421,Product 14421
14425,Product 14425
14426,Product 14426
14429,Product 14429
14430,Product 14430
14431,Product 14431
14433,Product 14433
14437,Product 14437
14438,Product 14438
14440,Product 14440
14441,Product 14441
14444,Product 14444
14447,Product 14447
14448,Product 14448
14449,Product 14449
14450,Product 14450
14451,Product 14451
14452,Product 14452
14453,Product 14453
14454,Product 14454
14456,Product 14456
14457,Product 14457
14461,Product 14461
14462,Product 14462
14466,Product 14466
14468,Product 14468
14470,Product 14470
14476,Product 14476
14477,Product 14477
14478,Product 14478
14479,Product 14479
14480,Product 14480
14481,Product 14481
14482,Product 14482
14483,Product 14483
14484,Product 14484
14485,Product 14485
14486,Product 14486
14487,Product 14487
14488,Product 14488
14489,Product 14489
14490,Product 14490
14491,Product 14491
14492,Product 14492
14493,Product 14493
14494,Product 14494
14495,Product 14495
14496,Product 14496
14497,Product 14497
14498,Product 14498
14499,Product 14499
14500,Product 14500
14501,Product 14501
14502,Product 14502
14503,Product 14503
14504,Product 14504
14505,Product 14505
14506,Product 14506
14507,Product 14507
14508,Product 14508
14509,Product 14509
14510,Product 14510
14511,Product 14511
14512,Product 14512
14513,Product 14513
14514,Product 14514
14515,Product 14515
14516,Product 14516
14517,Product 14517
14518,Product 14518
14519,Product 14519
14520,Product 14520
14521,Product 14521
14522,Product 14522
14523,Product 14523
14524,Product 14524
14526,Product 14526
14527,Product 14527
14528,Product 14528
14529,Product 14529
14530,Product 14530
14531,Product 14531
14532,Product 14532
14533,Product 14533
14534,Product 14534
14535,Product 14535
14536,Product 14536
14537,Product 14537
14538,Product 14538
14539,Product 14539
14540,Product 14540
14541,Product 14541
14542,Product 14542
14543,Product 14543
14544,Product 14544
14545,Product 14545
14546,Product 14546
14547,Product 14547
14548,Product 14548
14549,Product 14549
14550,Product 14550
14551,Product 14551
14552,Product 14552
14554,Product 14554
14555,Product 14555
14556,Product 14556
14557,Product 14557
14558,Product 14558
14559,Product 14559
14560,Product 14560
14562,Product 14562
14563,Product 14563
14564,Product 14564
14565,Product 14565
14566,Product 14566
14568,Product 14568
14569,Product 14569
14570,Product 14570
14571,Product 14571
14572,Product 14572
14573,Product 14573
14575,Product 14575
14576,Product 14576
14577,Product 14577
14580,Product 14580
14581,Product 14581
14582,Product 14582
14583,Product 14583
14584,Product 14584
14585,Product 14585
14587,Product 14587
14588,Product 14588
14589,Product 14589
14592,Product 14592
14593,Product 14593
14595,Product 14595
14596,Product 14596
14597,Product 14597
14598,Product 14598
14599,Product 14599
14600,Product 14600
14601,Product 14601
14602,Product 14602
14603,Product 14603
14604,Product 14604
14605,Product 14605
14606,Product 14606
14607,Product 14607
14608,Product 14608
14609,Product 14609
14610,Product 14610
14611,Product 14611
14612,Product 14612
14613,Product 14613
14614,Product 14614
14615,Product 14615
14616,Product 14616
14617,Product 14617
14618,Product 14618
14619,Product 14619
14620,Product 14620
14621,Product 14621
14622,Product 14622
14623,Product 14623
14624,Product 14624
14625,Product 14625
14626,Product 14626
14627,Product 14627
14628,Product 14628
14629,Product 14629
14630,Product 14630
14631,Product 14631
14632,Product 14632
14633,Product 14633
14635,Product 14635
14636,Product 14636
14637,Product 14637
14638,Product 14638
14639,Product 14639
14640,Product 14640
14641,Product 14641
14642,Product 14642
14643,Product 14643
14644,Product 14644
14645,Product 14645
14646,Product 14646
14647,Product 14647
14648,Product 14648
14649,Product 14649
14650,Product 14650
14651,Product 14651
14652,Product 14652
14653,Product 14653
14654,Product 14654
14656,Product 14656
14657,Product 14657
14658,Product 14658
14659,Product 14659
14660,Product 14660
14661,Product 14661
14662,Product 14662
14663,Product 14663
14664,Product 14664
14665,Product 14665
14666,Product 14666
14667,Product 14667
14668,Product 14668
14669,Product 14669
14671,Product 14671
14672,Product 14672
14673,Product 14673
14674,Product 14674
14675,Product 14675
14676,Product 14676
14677,Product 14677
14678,Product 14678
14679,Product 14679
14680,Product 14680
14681,Product 14681
14682,Product 14682
14683,Product 14683
14684,Product 14684
14685,Product 14685
14686,Product 14686
14688,Product 14688
14689,Product 14689
14690,Product 14690
14691,Product 14691
14693,Product 14693
14694,Product 14694
14695,Product 14695
14696,Product 14696
14697,Product 14697
14698,Product 14698
14699,Product 14699
14700,Product 14700
14701,Product 14701
14702,Product 14702
14703,Product 14703
14704,Product 14704
14706,Product 14706
14708,Product 14708
14711,Product 14711
14712,Product 14712
14713,Product 14713
14714,Product 14714
14715,Product 14715
14716,Product 14716
14717,Product 14717
14718,Product 14718
14719,Product 14719
14720,Product 14720
14721,Product 14721
14722,Product 14722
14723,Product 14723
14724,Product 14724
14726,Product 14726
14727,Product 14727
14728,Product 14728
14729,Product 14729
14730,Product 14730
14731,Product 14731
14732,Product 14732
14733,Product 14733
14734,Product 14734
14735,Product 14735
14736,Product 14736
14737,Product 14737
14738,Product 14738
14739,Product 14739
14740,Product 14740
14741,Product 14741
14742,Product 14742
14743,Product 14743
14744,Product 14744
14745,Product 14745
14746,Product 14746
14747,Product 14747
14748,Product 14748
14749,Product 14749
14750,Product 14750
14751,Product 14751
14752,Product 14752
14753,Product 14753
14754,Product 14754
14755,Product 14755
14756,Product 14756
14757,Product 14757
14758,Product 14758
14759,Product 14759
14760,Product 14760
14761,Product 14761
14762,Product 14762
14763,Product 14763
14764,Product 14764
14765,Product 14765
14766,Product 14766
14767,Product 14767
14768,Product 14768
14769,Product 14769
14770,Product 14770
14771,Product 14771
14772,Product 14772
14773,Product 14773
14774,Product 14774
14775,Product 14775
14776,Product 14776
14777,Product 14777
14778,Product 14778
14779,Product 14779
14780,Product 14780
14781,Product 14781
14782,Product 14782
14783,Product 14783
14784,Product 14784
14785,Product 14785
14786,Product 14786
14787,Product 14787
14788,Product 14788
14790,Product 14790
14791,Product 14791
14792,Product 14792
14794,Product 14794
14796,Product 14796
14797,Product 14797
14798,Product 14798
14799,Product 14799
14800,Product 14800
14801,Product 14801
14802,Product 14802
14803,Product 14803
14804,Product 14804
14805,Product 14805
14806,Product 14806
14807,Product 14807
14808,Product 14808
14809,Product 14809
14810,Product 14810
14811,Product 14811
14812,Product 14812
14813,Product 14813
14814,Product 14814
14815,Product 14815
14816,Product 14816
14817,Product 14817
14820,Product 14820
14821,Product 14821
14822,Product 14822
14823,Product 14823
14826,Product 14826
14828,Product 14828
14832,Product 14832
14833,Product 14833
14834,Product 14834
14836,Product 14836
14837,Product 14837
14839,Product 14839
14840,Product 14840
14841,Product 14841
14842,Product 14842
14843,Product 14843
14844,Product 14844
14845,Product 14845
14846,Product 14846
14847,Product 14847
14848,Product 14848
14849,Product 14849
14850,Product 14850
14851,Product 14851
14852,Product 14852
14853,Product 14853
14854,Product 14854
14855,Product 14855
14856,Product 14856
14857,Product 14857
14858,Product 14858
14859,Product 14859
14860,Product 14860
14861,Product 14861
14862,Product 14862
14863,Product 14863
14864,Product 14864
14865,Product 14865
14866,Product 14866
14867,Product 14867
14868,Product 14868
14869,Product 14869
14870,Product 14870
14871,Product 14871
14872,Product 14872
14873,Product 14873
14874,Product 14874
14875,Product 14875
14876,Product 14876
14877,Product 14877
14878,Product 14878
14879,Product 14879
14880,Product 14880
14881,Product 14881
14882,Product 14882
14883,Product 14883
14884,Product 14884
14885,Product 14885
14886,Product 14886
14888,Product 14888
14889,Product 14889
14890,Product 14890
14892,Product 14892
14893,Product 14893
14894,Product 14894
14896,Product 14896
14897,Product 14897
14898,Product 14898
14899,Product 14899
14900,Product 14900
14901,Product 14901
14902,Product 14902
14903,Product 14903
14904,Product 14904
14905,Product 14905
14906,Product 14906
14907,Product 14907
14908,Product 14908
14910,Product 14910
14911,Product 14911
14912,Product 14912
14913,Product 14913
14914,Product 14914
14915,Product 14915
14916,Product 14916
14917,Product 14917
14918,Product 14918
14919,Product 14919
14920,Product 14920
14921,Product 14921
14922,Product 14922
14924,Product 14924
14925,Product 14925
14926,Product 14926
14927,Product 14927
14928,Product 14928
14930,Product 14930
14931,Product 14931
14932,Product 14932
14933,Product 14933
14934,Product 14934
14935,Product 14935
14936,Product 14936
14937,Product 14937
14938,Product 14938
14939,Product 14939
14940,Product 14940
14941,Product 14941
14942,Product 14942
14943,Product 14943
14944,Product 14944
14945,Product 14945
14946,Product 14946
14948,Product 14948
14949,Product 14949
14950,Product 14950
14951,Product 14951
14952,Product 14952
14953,Product 14953
14954,Product 14954
14955,Product 14955
14956,Product 14956
14957,Product 14957
14958,Product 14958
14959,Product 14959
14960,Product 14960
14961,Product 14961
14962,Product 14962
14963,Product 14963
14965,Product 14965
14966,Product 14966
14967,Product 14967
14968,Product 14968
14969,Product 14969
14970,Product 14970
14971,Product 14971
14972,Product 14972
14974,Product 14974
14975,Product 14975
14976,Product 14976
14977,Product 14977
14978,Product 14978
14979,Product 14979
14980,Product 14980
14981,Product 14981
14982,Product 14982
14983,Product 14983
14984,Product 14984
14985,Product 14985
14986,Product 14986
14987,Product 14987
14988,Product 14988
14989,Product 14989
14990,Product 14990
14991,Product 14991
14993,Product 14993
14994,Product 14994
14995,Product 14995
14996,Product 14996
14997,Product 14997
14998,Product 14998
14999,Product 14999
15000,Product 15000
15001,Product 15001
15002,Product 15002
15003,Product 15003
15004,Product 15004
15005,Product 15005
15006,Product 15006
15007,Product 15007
15008,Product 15008
15009,Product 15009
15010,Product 15010
15011,Product 15011
15012,Product 15012
15013,Product 15013
15014,Product 15014
15015,Product 15015
15016,Product 15016
15017,Product 15017
15018,Product 15018
15019,Product 15019
15020,Product 15020
15021,Product 15021
15022,Product 15022
15023,Product 15023
15024,Product 15024
15025,Product 15025
15026,Product 15026
15027,Product 15027
15028,Product 15028
15029,Product 15029
15030,Product 15030
15031,Product 15031
15032,Product 15032
15033,Product 15033
15034,Product 15034
15035,Product 15035
15036,Product 15036
15037,Product 15037
15038,Product 15038
15039,Product 15039
15040,Product 15040
15041,Product 15041
15042,Product 15042
15043,Product 15043
15044,Product 15044
15045,Product 15045
15046,Product 15046
15047,Product 15047
15048,Product 15048
15050,Product 15050
15051,Product 15051
15052,Product 15052
15053,Product 15053
15054,Product 15054
15055,Product 15055
15056,Product 15056
15057,Product 15057
15058,Product 15058
15059,Product 15059
15060,Product 15060
15061,Product 15061
15062,Product 15062
15063,Product 15063
15064,Product 15064
15065,Product 15065
15066,Product 15066
15067,Product 15067
15068,Product 15068
15069,Product 15069
15070,Product 15070
15071,Product 15071
15072,Product 15072
15073,Product 15073
15074,Product 15074
15075,Product 15075
15076,Product 15076
15077,Product 15077
15078,Product 15078
15079,Product 15079
15080,Product 15080
15081,Product 15081
15082,Product 15082
15083,Product 15083
15084,Product 15084
15085,Product 15085
15086,Product 15086
15087,Product 15087
15088,Product 15088
15089,Product 15089
15090,Product 15090
15091,Product 15091
15092,Product 15092
15093,Product 15093
15094,Product 15094
15095,Product 15095
15096,Product 15096
15097,Product 15097
15098,Product 15098
15099,Product 15099
15100,Product 15100
15101,Product 15101
15102,Product 15102
15103,Product 15103
15104,Product 15104
15105,Product 15105
15106,Product 15106
15107,Product 15107
15108,Product 15108
15109,Product 15109
15110,Product 15110
15111,Product 15111
15112,Product 15112
15113,Product 15113
15114,Product 15114
15115,Product 15115
15116,Product 15116
15117,Product 15117
15118,Product 15118
15119,Product 15119
15120,Product 15120
15121,Product 15121
15122,Product 15122
15123,Product 15123
15124,Product 15124
15125,Product 15125
15127,Product 15127
15128,Product 15128
15129,Product 15129
15132,Product 15132
15134,Product 15134
15140,Product 15140
15141,Product 15141
15144,Product 15144
15145,Product 15145
15147,Product 15147
15150,Product 15150
15151,Product 15151
15152,Product 15152
15154,Product 15154
15157,Product 15157
15160,Product 15160
15162,Product 15162
15163,Product 15163
15165,Product 15165
15166,Product 15166
15168,Product 15168
15169,Product 15169
15170,Product 15170
15171,Product 15171
15172,Product 15172
15174,Product 15174
15177,Product 15177
15179,Product 15179
15182,Product 15182
15183,Product 15183
15184,Product 15184
15185,Product 15185
15187,Product 15187
15189,Product 15189
15190,Product 15190
15191,Product 15191
15192,Product 15192
15193,Product 15193
15194,Product 15194
15195,Product 15195
15196,Product 15196
15197,Product 15197
15199,Product 15199
15200,Product 15200
15201,Product 15201
15202,Product 15202
15206,Product 15206
15207,Product 15207
15209,Product 15209
15210,Product 15210
15211,Product 15211
15214,Product 15214
15215,Product 15215
15216,Product 15216
15217,Product 15217
15218,Product 15218
15219,Product 15219
15220,Product 15220
15221,Product 15221
15222,Product 15222
15223,Product 15223
15224,Product 15224
15225,Product 15225
15226,Product 15226
15227,Product 15227
15228,Product 15228
15229,Product 15229
15230,Product 15230
15231,Product 15231
15232,Product 15232
15233,Product 15233
15234,Product 15234
15235,Product 15235
15236,Product 15236
15237,Product 15237
15238,Product 15238
15239,Product 15239
15240,Product 15240
15241,Product 15241
15242,Product 15242
15243,Product 15243
15244,Product 15244
15245,Product 15245
15246,Product 15246
15247,Product 15247
15248,Product 15248
15249,Product 15249
1525,Product 1525
15250,Product 15250
15251,Product 15251
15252,Product 15252
15253,Product 15253
15254,Product 15254
15255,Product 15255
15256,Product 15256
15257,Product 15257
15258,Product 15258
15259,Product 15259
1526,Product 1526
15260,Product 15260
15261,Product 15261
15262,Product 15262
15263,Product 15263
15264,Product 15264
15265,Product 15265
15266,Product 15266
15267,Product 15267
15268,Product 15268
15269,Product 15269
15270,Product 15270
15271,Product 15271
15272,Product 15272
15273,Product 15273
15274,Product 15274
15275,Product 15275
15276,Product 15276
15277,Product 15277
15278,Product 15278
15279,Product 15279
1528,Product 1528
15280,Product 15280
15281,Product 15281
15283,Product 15283
15284,Product 15284
15285,Product 15285
15286,Product 15286
15287,Product 15287
15288,Product 15288
15289,Product 15289
1529,Product 1529
15290,Product 15290
15291,Product 15291
15292,Product 15292
15293,Product 15293
15294,Product 15294
15295,Product 15295
15296,Product 15296
15297,Product 15297
15298,Product 15298
15299,Product 15299
1530,Product 1530
15300,Product 15300
15301,Product 15301
15302,Product 15302
15303,Product 15303
15304,Product 15304
15305,Product 15305
15306,Product 15306
15307,Product 15307
15308,Product 15308
15309,Product 15309
1531,Product 1531
15310,Product 15310
15311,Product 15311
15312,Product 15312
15313,Product 15313
15314,Product 15314
15315,Product 15315
15316,Product 15316
15317,Product 15317
15318,Product 15318
15319,Product 15319
1532,Product 1532
15320,Product 15320
15321,Product 15321
15322,Product 15322
15323,Product 15323
15324,Product 15324
15325,Product 15325
15326,Product 15326
15327,Product 15327
15328,Product 15328
15329,Product 15329
1533,Product 1533
15330,Product 15330
15331,Product 15331
15332,Product 15332
15333,Product 15333
15334,Product 15334
15335,Product 15335
15336,Product 15336
15337,Product 15337
15338,Product 15338
15339,Product 15339
1534,Product 1534
15340,Product 15340
15341,Product 15341
15342,Product 15342
15343,Product 15343
15344,Product 15344
15345,Product 15345
15346,Product 15346
15347,Product 15347
15348,Product 15348
15349,Product 15349
1535,Product 1535
15351,Product 15351
15352,Product 15352
15353,Product 15353
15354,Product 15354
15355,Product 15355
15356,Product 15356
15357,Product 15357
15358,Product 15358
15359,Product 15359
1536,Product 1536
15361,Product 15361
15362,Product 15362
15363,Product 15363
15364,Product 15364
15365,Product 15365
15366,Product 15366
15367,Product 15367
15368,Product 15368
15369,Product 15369
1537,Product 1537
15370,Product 15370
15371,Product 15371
15372,Product 15372
15373,Product 15373
15374,Product 15374
15375,Product 15375
15376,Product 15376
15377,Product 15377
15378,Product 15378
15379,Product 15379
1538,Product 1538
15382,Product 15382
15384,Product 15384
15385,Product 15385
15387,Product 15387
15388,Product 15388
1539,Product 1539
15392,Product 15392
15393,Product 15393
15394,Product 15394
15396,Product 15396
15397,Product 15397
15398,Product 15398
15399,Product 15399
1540,Product 1540
15400,Product 15400
15401,Product 15401
15405,Product 15405
15406,Product 15406
15407,Product 15407
15408,Product 15408
15409,Product 15409
1541,Product 1541
15410,Product 15410
15412,Product 15412
15414,Product 15414
15415,Product 15415
15416,Product 15416
15417,Product 15417
15418,Product 15418
15419,Product 15419
1542,Product 1542
1543,Product 1543
15434,Product 15434
15436,Product 15436
15437,Product 15437
15439,Product 15439
1544,Product 1544
15442,Product 15442
1545,Product 1545
15451,Product 15451
15457,Product 15457
15459,Product 15459
1546,Product 1546
15461,Product 15461
15462,Product 15462
15463,Product 15463
15464,Product 15464
15465,Product 15465
15466,Product 15466
15467,Product 15467
15468,Product 15468
15469,Product 15469
1547,Product 1547
15470,Product 15470
15471,Product 15471
15472,Product 15472
15473,Product 15473
15474,Product 15474
15475,Product 15475
15476,Product 15476
15477,Product 15477
15478,Product 15478
15479,Product 15479
1548,Product 1548
15480,Product 15480
15481,Product 15481
15482,Product 15482
15483,Product 15483
15484,Product 15484
15485,Product 15485
15486,Product 15486
15487,Product 15487
15488,Product 15488
15489,Product 15489
1549,Product 1549
15490,Product 15490
15491,Product 15491
15492,Product 15492
15493,Product 15493
15494,Product 15494
15495,Product 15495
15496,Product 15496
15497,Product 15497
15499,Product 15499
1550,Product 1550
15501,Product 15501
15502,Product 15502
15503,Product 15503
15504,Product 15504
15505,Product 15505
15506,Product 15506
15507,Product 15507
15508,Product 15508
15509,Product 15509
1551,Product 1551
15510,Product 15510
15511,Product 15511
15512,Product 15512
15513,Product 15513
15514,Product 15514
15515,Product 15515
15516,Product 15516
15517,Product 15517
15518,Product 15518
15519,Product 15519
1552,Product 1552
15520,Product 15520
15521,Product 15521
15523,Product 15523
15524,Product 15524
15525,Product 15525
15526,Product 15526
15527,Product 15527
15528,Product 15528
15529,Product 15529
1553,Product 1553
15530,Product 15530
15531,Product 15531
15532,Product 15532
15535,Product 15535
15539,Product 15539
1554,Product 1554
15540,Product 15540
15542,Product 15542
15543,Product 15543
15544,Product 15544
15545,Product 15545
15546,Product 15546
15547,Product 15547
15548,Product 15548
15549,Product 15549
1555,Product 1555
15550,Product 15550
15551,Product 15551
15552,Product 15552
15554,Product 15554
15555,Product 15555
15557,Product 15557
15558,Product 15558
1556,Product 1556
15560,Product 15560
15561,Product 15561
15562,Product 15562
15563,Product 15563
15564,Product 15564
15565,Product 15565
15566,Product 15566
15567,Product 15567
15568,Product 15568
15569,Product 15569
1557,Product 1557
15570,Product 15570
15571,Product 15571
15572,Product 15572
15573,Product 15573
15574,Product 15574
15575,Product 15575
15576,Product 15576
15577,Product 15577
15578,Product 15578
15579,Product 15579
1558,Product 1558
15581,Product 15581
15583,Product 15583
15585,Product 15585
15586,Product 15586
15587,Product 15587
15588,Product 15588
1559,Product 1559
15590,Product 15590
15598,Product 15598
15599,Product 15599
15600,Product 15600
15601,Product 15601
15602,Product 15602
15603,Product 15603
15604,Product 15604
15605,Product 15605
15606,Product 15606
15607,Product 15607
15608,Product 15608
15609,Product 15609
1561,Product 1561
15610,Product 15610
15611,Product 15611
15612,Product 15612
15613,Product 15613
15614,Product 15614
15615,Product 15615
15616,Product 15616
15617,Product 15617
15618,Product 15618
15619,Product 15619
1562,Product 1562
15620,Product 15620
15621,Product 15621
15622,Product 15622
15623,Product 15623
15624,Product 15624
15625,Product 15625
15626,Product 15626
15627,Product 15627
15628,Product 15628
15629,Product 15629
1563,Product 1563
15630,Product 15630
15631,Product 15631
15632,Product 15632
15633,Product 15633
15634,Product 15634
15635,Product 15635
15636,Product 15636
15637,Product 15637
15638,Product 15638
15639,Product 15639
15640,Product 15640
15641,Product 15641
15642,Product 15642
15643,Product 15643
15644,Product 15644
15645,Product 15645
15646,Product 15646
15647,Product 15647
15648,Product 15648
15649,Product 15649
1565,Product 1565
15650,Product 15650
15651,Product 15651
15653,Product 15653
15654,Product 15654
15658,Product 15658
1566,Product 1566
15660,Product 15660
15662,Product 15662
15663,Product 15663
15665,Product 15665
15666,Product 15666
15667,Product 15667
15669,Product 15669
1567,Product 1567
15670,Product 15670
15671,Product 15671
15672,Product 15672
15673,Product 15673
15674,Product 15674
15675,Product 15675
15676,Product 15676
15677,Product 15677
15678,Product 15678
15679,Product 15679
15680,Product 15680
15681,Product 15681
15682,Product 15682
15683,Product 15683
15684,Product 15684
15685,Product 15685
15686,Product 15686
15687,Product 15687
15688,Product 15688
1569,Product 1569
15690,Product 15690
15692,Product 15692
15693,Product 15693
15696,Product 15696
15697,Product 15697
15698,Product 15698
1570,Product 1570
15700,Product 15700
15701,Product 15701
15702,Product 15702
15703,Product 15703
15705,Product 15705
15706,Product 15706
15707,Product 15707
15708,Product 15708
15709,Product 15709
1571,Product 1571
15710,Product 15710
15711,Product 15711
15713,Product 15713
15714,Product 15714
15715,Product 15715
15716,Product 15716
15717,Product 15717
15718,Product 15718
15719,Product 15719
1572,Product 1572
15720,Product 15720
15721,Product 15721
15722,Product 15722
15723,Product 15723
15724,Product 15724
15726,Product 15726
15727,Product 15727
15728,Product 15728
15729,Product 15729
1573,Product 1573
15730,Product 15730
15731,Product 15731
15732,Product 15732
15733,Product 15733
15734,Product 15734
15735,Product 15735
15736,Product 15736
15737,Product 15737
15738,Product 15738
15739,Product 15739
15740,Product 15740
15741,Product 15741
15742,Product 15742
15743,Product 15743
15744,Product 15744
15745,Product 15745
15746,Product 15746
15747,Product 15747
15748,Product 15748
15749,Product 15749
1575,Product 1575
15750,Product 15750
15751,Product 15751
15752,Product 15752
15753,Product 15753
15754,Product 15754
15755,Product 15755
15756,Product 15756
15757,Product 15757
15758,Product 15758
15759,Product 15759
15760,Product 15760
15761,Product 15761
15762,Product 15762
15763,Product 15763
15764,Product 15764
15765,Product 15765
15766,Product 15766
15767,Product 15767
15768,Product 15768
15769,Product 15769
1577,Product 1577
15770,Product 15770
15771,Product 15771
15772,Product 15772
15773,Product 15773
15774,Product 15774
15775,Product 15775
15776,Product 15776
15777,Product 15777
15778,Product 15778
15779,Product 15779
1578,Product 1578
15780,Product 15780
15781,Product 15781
15782,Product 15782
15783,Product 15783
15784,Product 15784
15785,Product 15785
15786,Product 15786
15787,Product 15787
15788,Product 15788
15789,Product 15789
1579,Product 1579
15790,Product 15790
15791,Product 15791
15792,Product 15792
15793,Product 15793
15794,Product 15794
15795,Product 15795
15796,Product 15796
15797,Product 15797
15798,Product 15798
15799,Product 15799
1580,Product 1580
15800,Product 15800
15801,Product 15801
15802,Product 15802
15803,Product 15803
15804,Product 15804
15805,Product 15805
15806,Product 15806
15807,Product 15807
15808,Product 15808
15809,Product 15809
1581,Product 1581
15810,Product 15810
15811,Product 15811
15812,Product 15812
15813,Product 15813
15814,Product 15814
15815,Product 15815
15816,Product 15816
15817,Product 15817
15818,Product 15818
15819,Product 15819
1582,Product 1582
15820,Product 15820
15821,Product 15821
15822,Product 15822
15823,Product 15823
15824,Product 15824
15825,Product 15825
15826,Product 15826
15827,Product 15827
15828,Product 15828
15829,Product 15829
1583,Product 1583
15830,Product 15830
15831,Product 15831
15832,Product 15832
15833,Product 15833
15834,Product 15834
15835,Product 15835
15836,Product 15836
15837,Product 15837
15838,Product 15838
15839,Product 15839
1584,Product 1584
15840,Product 15840
15841,Product 15841
15842,Product 15842
15844,Product 15844
15846,Product 15846
15847,Product 15847
15848,Product 15848
15849,Product 15849
15850,Product 15850
15851,Product 15851
15852,Product 15852
15853,Product 15853
15854,Product 15854
15855,Product 15855
15856,Product 15856
15857,Product 15857
15858,Product 15858
15859,Product 15859
15860,Product 15860
15861,Product 15861
15862,Product 15862
15863,Product 15863
15864,Product 15864
15865,Product 15865
15866,Product 15866
15867,Product 15867
15868,Product 15868
15869,Product 15869
1587,Product 1587
15870,Product 15870
15871,Product 15871
15872,Product 15872
15873,Product 15873
15874,Product 15874
15875,Product 15875
15876,Product 15876
15877,Product 15877
15878,Product 15878
15879,Product 15879
1588,Product 1588
15880,Product 15880
15881,Product 15881
15882,Product 15882
15883,Product 15883
15884,Product 15884
15885,Product 15885
15886,Product 15886
15887,Product 15887
15888,Product 15888
15889,Product 15889
15890,Product 15890
15891,Product 15891
15892,Product 15892
15893,Product 15893
15894,Product 15894
15895,Product 15895
15896,Product 15896
15897,Product 15897
15898,Product 15898
15899,Product 15899
1590,Product 1590
15900,Product 15900
15901,Product 15901
15902,Product 15902
15903,Product 15903
15904,Product 15904
15907,Product 15907
15908,Product 15908
1591,Product 1591
15910,Product 15910
15912,Product 15912
15913,Product 15913
15914,Product 15914
15915,Product 15915
15917,Product 15917
15918,Product 15918
15919,Product 15919
1592,Product 1592
15920,Product 15920
15921,Product 15921
15922,Product 15922
15923,Product 15923
15924,Product 15924
15925,Product 15925
15926,Product 15926
15927,Product 15927
15928,Product 15928
15929,Product 15929
15931,Product 15931
15933,Product 15933
15934,Product 15934
15935,Product 15935
15936,Product 15936
15937,Product 15937
15938,Product 15938
15939,Product 15939
1594,Product 1594
15940,Product 15940
15941,Product 15941
15942,Product 15942
15943,Product 15943
15944,Product 15944
15945,Product 15945
15946,Product 15946
15947,Product 15947
15948,Product 15948
15949,Product 15949
1595,Product 1595
15950,Product 15950
15951,Product 15951
15952,Product 15952
15953,Product 15953
15954,Product 15954
15955,Product 15955
15956,Product 15956
15957,Product 15957
15958,Product 15958
15959,Product 15959
1596,Product 1596
15960,Product 15960
15961,Product 15961
15962,Product 15962
15963,Product 15963
15964,Product 15964
15965,Product 15965
15966,Product 15966
15967,Product 15967
15968,Product 15968
15969,Product 15969
1597,Product 1597
15970,Product 15970
15971,Product 15971
15972,Product 15972
15973,Product 15973
15974,Product 15974
15975,Product 15975
15976,Product 15976
15977,Product 15977
1598,Product 1598
15981,Product 15981
15982,Product 15982
15983,Product 15983
15984,Product 15984
15985,Product 15985
15986,Product 15986
15987,Product 15987
15988,Product 15988
15989,Product 15989
1599,Product 1599
15990,Product 15990
15992,Product 15992
15993,Product 15993
15994,Product 15994
15995,Product 15995
15996,Product 15996
15997,Product 15997
15998,Product 15998
15999,Product 15999
16000,Product 16000
16001,Product 16001
16002,Product 16002
16003,Product 16003
16004,Product 16004
16005,Product 16005
16006,Product 16006
16007,Product 16007
16009,Product 16009
16010,Product 16010
16011,Product 16011
16012,Product 16012
16013,Product 16013
16014,Product 16014
16015,Product 16015
16016,Product 16016
16017,Product 16017
16018,Product 16018
16019,Product 16019
16020,Product 16020
16021,Product 16021
16022,Product 16022
16023,Product 16023
16024,Product 16024
16025,Product 16025
16026,Product 16026
16027,Product 16027
16028,Product 16028
16029,Product 16029
1603,Product 1603
16030,Product 16030
16031,Product 16031
16032,Product 16032
16033,Product 16033
16034,Product 16034
16035,Product 16035
16036,Product 16036
16037,Product 16037
16038,Product 16038
16039,Product 16039
1604,Product 1604
16041,Product 16041
16042,Product 16042
16043,Product 16043
16044,Product 16044
16045,Product 16045
16046,Product 16046
16047,Product 16047
16048,Product 16048
1605,Product 1605
16050,Product 16050
16051,Product 16051
16052,Product 16052
16053,Product 16053
16054,Product 16054
16055,Product 16055
16056,Product 16056
